team,season,games_played,xgf_pg,xga_pg,gf_pg,ga_pg
ANA,2008,82,2.774390243902439,2.7148780487804878,2.902439024390244,2.8658536585365852
ARI,2008,81,2.415185185185185,2.7758024691358023,2.4691358024691357,3.0617283950617282
ATL,2008,82,2.6862195121951222,3.0814634146341464,3.1097560975609757,3.475609756097561
BOS,2008,81,2.789012345679012,2.6449382716049383,3.2962962962962963,2.3209876543209877
BUF,2008,82,2.6507317073170733,2.571341463414634,2.951219512195122,2.792682926829268
CAR,2008,82,2.9408536585365854,2.901585365853659,2.8780487804878048,2.6951219512195124
CBJ,2008,82,2.3346341463414633,2.332560975609756,2.682926829268293,2.7195121951219514
CGY,2008,81,2.843827160493827,2.7074074074074077,3.0617283950617282,2.9876543209876543
CHI,2008,82,2.845487804878049,2.5571951219512195,3.1707317073170733,2.548780487804878
COL,2008,82,2.4717073170731707,2.653780487804878,2.317073170731707,3.0853658536585367
DAL,2008,82,2.566707317073171,2.7282926829268295,2.731707317073171,3.0609756097560976
DET,2008,81,3.1551851851851853,2.600246913580247,3.5185185185185186,2.925925925925926
EDM,2008,82,2.67609756097561,2.9635365853658535,2.7804878048780486,2.975609756097561
FLA,2008,82,2.7890243902439025,3.013658536585366,2.817073170731707,2.7195121951219514
LAK,2008,82,2.745365853658537,2.6952439024390245,2.4634146341463414,2.7560975609756095
MIN,2008,82,2.298780487804878,2.463170731707317,2.6097560975609757,2.402439024390244
MTL,2008,82,2.893292682926829,2.9409756097560975,2.951219512195122,2.926829268292683
NJD,2008,82,2.7418292682926833,2.4140243902439025,2.902439024390244,2.524390243902439
NSH,2008,82,2.4160975609756097,2.687560975609756,2.524390243902439,2.7804878048780486
NYI,2008,82,2.535731707317073,3.089512195121951,2.4146341463414633,3.341463414634146
NYR,2008,82,2.7690243902439025,2.7196341463414635,2.4878048780487805,2.6219512195121952
OTT,2008,82,2.616341463414634,2.6567073170731708,2.6097560975609757,2.8292682926829267
PHI,2008,82,2.683414634146341,2.828048780487805,3.1707317073170733,2.8292682926829267
PIT,2008,82,2.8004878048780486,2.696219512195122,3.1463414634146343,2.841463414634146
SJS,2008,82,3.153170731707317,2.3515853658536585,3.0609756097560976,2.426829268292683
STL,2008,82,2.49,2.524268292682927,2.768292682926829,2.768292682926829
TBL,2008,82,2.6634146341463416,2.9270731707317075,2.5609756097560976,3.317073170731707
TOR,2008,81,2.963827160493827,3.1082716049382717,2.9876543209876543,3.493827160493827
VAN,2008,81,2.824074074074074,2.6682716049382718,2.9876543209876543,2.567901234567901
WSH,2008,82,3.1775609756097563,2.6885365853658536,3.268292682926829,2.926829268292683
ANA,2009,82,2.673170731707317,3.164268292682927,2.841463414634146,2.9634146341463414
ARI,2009,82,2.581829268292683,2.4928048780487804,2.573170731707317,2.3902439024390243
ATL,2009,82,2.536219512195122,3.1463414634146343,2.8048780487804876,3.048780487804878
BOS,2009,82,2.569268292682927,2.355121951219512,2.3902439024390243,2.3292682926829267
BUF,2009,82,2.8191463414634144,2.791829268292683,2.817073170731707,2.451219512195122
CAR,2009,81,3.001604938271605,3.2909876543209875,2.765432098765432,3.074074074074074
CBJ,2009,82,2.268414634146341,2.521219512195122,2.6097560975609757,3.0365853658536586
CGY,2009,82,2.467439024390244,2.4791463414634145,2.451219512195122,2.475609756097561
CHI,2009,82,3.065609756097561,2.301219512195122,3.1951219512195124,2.475609756097561
COL,2009,82,2.6882926829268294,2.8090243902439025,2.8902439024390243,2.7804878048780486
DAL,2009,82,2.7932926829268294,2.781219512195122,2.8048780487804876,2.975609756097561
DET,2009,82,2.944390243902439,2.501829268292683,2.7195121951219514,2.524390243902439
EDM,2009,82,2.6507317073170733,3.2341463414634144,2.5121951219512195,3.3902439024390243
FLA,2009,82,2.4391463414634145,3.086951219512195,2.4634146341463414,2.8536585365853657
LAK,2009,82,2.7864634146341465,2.689512195121951,2.817073170731707,2.573170731707317
MIN,2009,82,2.470487804878049,2.4526829268292683,2.6097560975609757,2.9146341463414633
MTL,2009,82,2.752439024390244,2.9009756097560975,2.5609756097560976,2.658536585365854
NJD,2009,82,2.6265853658536584,2.346951219512195,2.6341463414634148,2.268292682926829
NSH,2009,82,2.646219512195122,2.638536585365854,2.6463414634146343,2.6951219512195124
NYI,2009,82,2.902560975609756,2.9665853658536583,2.6097560975609757,3.1463414634146343
NYR,2009,82,2.716341463414634,2.8810975609756095,2.6707317073170733,2.6097560975609757
OTT,2009,82,2.7579268292682926,2.5859756097560975,2.682926829268293,2.841463414634146
PHI,2009,82,3.1169512195121953,2.7703658536585363,2.8292682926829267,2.707317073170732
PIT,2009,81,2.9732098765432102,2.681604938271605,3.049382716049383,2.876543209876543
SJS,2009,82,3.0528048780487804,2.8187804878048777,3.1341463414634148,2.548780487804878
STL,2009,82,2.6436585365853658,2.8047560975609755,2.658536585365854,2.658536585365854
TBL,2009,82,2.8609756097560974,3.0470731707317076,2.597560975609756,3.0853658536585367
TOR,2009,82,3.07109756097561,2.9602439024390246,2.5609756097560976,3.207317073170732
VAN,2009,82,2.862560975609756,2.5879268292682926,3.268292682926829,2.658536585365854
WSH,2009,82,3.2380487804878046,2.887439024390244,3.817073170731707,2.768292682926829
ANA,2010,82,2.487195121951219,2.9292682926829268,2.8658536585365852,2.841463414634146
ARI,2010,82,2.6467073170731705,2.861707317073171,2.7560975609756095,2.682926829268293
ATL,2010,82,2.6573170731707316,3.0039024390243902,2.658536585365854,3.1951219512195124
BOS,2010,82,2.7782926829268293,2.81890243902439,2.975609756097561,2.3048780487804876
BUF,2010,82,2.812560975609756,2.797439024390244,2.926829268292683,2.7804878048780486
CAR,2010,82,2.917560975609756,3.0529268292682925,2.817073170731707,2.8536585365853657
CBJ,2010,82,2.542682926829268,2.538170731707317,2.5609756097560976,3.048780487804878
CGY,2010,82,2.7223170731707316,2.427439024390244,2.9390243902439024,2.8048780487804876
CHI,2010,82,2.776219512195122,2.596341463414634,3.073170731707317,2.682926829268293
COL,2010,82,2.663048780487805,2.9897560975609756,2.6951219512195124,3.5
DAL,2010,82,2.527560975609756,2.723658536585366,2.707317073170732,2.7560975609756095
DET,2010,82,3.022560975609756,2.685609756097561,3.1341463414634148,2.8902439024390243
EDM,2010,82,2.4852439024390245,3.1410975609756098,2.3292682926829267,3.1707317073170733
FLA,2010,82,2.684268292682927,2.7397560975609756,2.3292682926829267,2.707317073170732
LAK,2010,82,2.6021951219512194,2.3858536585365853,2.548780487804878,2.3902439024390243
MIN,2010,82,2.3928048780487807,2.8970731707317072,2.475609756097561,2.7804878048780486
MTL,2010,82,2.743048780487805,2.8035365853658534,2.597560975609756,2.5121951219512195
NJD,2010,82,2.245487804878049,2.2440243902439025,2.0853658536585367,2.524390243902439
NSH,2010,82,2.5145121951219513,2.4629268292682926,2.597560975609756,2.317073170731707
NYI,2010,82,2.8034146341463413,3.166829268292683,2.7439024390243905,3.1463414634146343
NYR,2010,82,2.8564634146341463,2.5160975609756098,2.731707317073171,2.3780487804878048
OTT,2010,82,2.4852439024390245,2.91780487804878,2.317073170731707,2.9878048780487805
PHI,2010,82,3.0235365853658536,2.707560975609756,3.1219512195121952,2.6341463414634148
PIT,2010,82,2.7252439024390243,2.4626829268292685,2.7804878048780486,2.3902439024390243
SJS,2010,82,3.1681707317073173,2.4382926829268294,2.9634146341463414,2.5365853658536586
STL,2010,82,2.676463414634146,2.558658536585366,2.8780487804878048,2.7804878048780486
TBL,2010,82,2.9937804878048784,2.4454878048780486,2.9390243902439024,2.8536585365853657
TOR,2010,82,2.6671951219512198,2.9526829268292683,2.597560975609756,2.9878048780487805
VAN,2010,82,2.9840243902439023,2.6571951219512195,3.1463414634146343,2.1951219512195124
WSH,2010,82,2.875,2.5573170731707315,2.6707317073170733,2.3292682926829267
ANA,2011,82,2.350609756097561,2.598780487804878,2.451219512195122,2.731707317073171
ARI,2011,82,2.574024390243902,2.7559756097560975,2.5609756097560976,2.3658536585365852
BOS,2011,82,2.7598780487804877,2.419268292682927,3.1707317073170733,2.426829268292683
BUF,2011,82,2.44,2.737073170731707,2.573170731707317,2.7195121951219514
CAR,2011,82,2.877439024390244,3.064268292682927,2.5853658536585367,2.8902439024390243
CBJ,2011,82,2.4235365853658535,2.4831707317073173,2.4146341463414633,3.1341463414634148
CGY,2011,82,2.5553658536585364,2.678292682926829,2.426829268292683,2.6463414634146343
CHI,2011,82,2.7414634146341466,2.486829268292683,2.9390243902439024,2.817073170731707
COL,2011,82,2.6351219512195123,2.631707317073171,2.426829268292683,2.658536585365854
DAL,2011,82,2.2852439024390243,2.5534146341463413,2.4878048780487805,2.658536585365854
DET,2011,82,2.7935365853658536,2.4543902439024388,2.9146341463414633,2.4390243902439024
EDM,2011,82,2.455853658536585,3.0040243902439028,2.524390243902439,2.8292682926829267
FLA,2011,82,2.5229268292682927,2.7096341463414633,2.402439024390244,2.6341463414634148
LAK,2011,82,2.755609756097561,2.4781707317073174,2.292682926829268,2.073170731707317
MIN,2011,82,2.489268292682927,2.786219512195122,2.024390243902439,2.6463414634146343
MTL,2011,82,2.488170731707317,2.6709756097560975,2.524390243902439,2.6097560975609757
NJD,2011,82,2.597560975609756,2.2954878048780487,2.6341463414634148,2.5
NSH,2011,82,2.401585365853659,2.504268292682927,2.8292682926829267,2.5
NYI,2011,82,2.7695121951219512,2.9298780487804876,2.3902439024390243,3.0609756097560976
NYR,2011,82,2.711951219512195,2.4612195121951217,2.707317073170732,2.2195121951219514
OTT,2011,82,2.838780487804878,2.9437804878048777,2.9634146341463414,2.8780487804878048
PHI,2011,82,3.289268292682927,2.752560975609756,3.1707317073170733,2.7439024390243905
PIT,2011,82,3.216219512195122,2.54280487804878,3.3292682926829267,2.658536585365854
SJS,2011,82,2.872317073170732,2.42609756097561,2.6707317073170733,2.5
STL,2011,82,2.881829268292683,2.254390243902439,2.5121951219512195,1.8902439024390243
TBL,2011,82,2.5540243902439026,2.984268292682927,2.8292682926829267,3.3902439024390243
TOR,2011,82,2.8310975609756097,3.0459756097560975,2.768292682926829,3.158536585365854
VAN,2011,82,2.533292682926829,2.6087804878048777,2.9390243902439024,2.3292682926829267
WPG,2011,82,2.7671951219512194,2.912560975609756,2.6951219512195124,2.951219512195122
WSH,2011,82,2.3352439024390246,2.57390243902439,2.658536585365854,2.7560975609756095
ANA,2012,48,2.5310416666666664,2.4491666666666667,2.7916666666666665,2.3958333333333335
ARI,2012,48,2.6029166666666668,2.80125,2.5208333333333335,2.6041666666666665
BOS,2012,48,2.9427083333333335,2.624375,2.6458333333333335,2.2083333333333335
BUF,2012,48,2.3033333333333332,3.1033333333333335,2.4583333333333335,2.8958333333333335
CAR,2012,48,3.0733333333333337,3.247916666666667,2.6458333333333335,3.3125
CBJ,2012,48,2.145625,2.28875,2.3958333333333335,2.3958333333333335
CGY,2012,48,2.466666666666667,2.658125,2.6666666666666665,3.2708333333333335
CHI,2012,48,2.5993749999999998,2.2781249999999997,3.1041666666666665,2.0208333333333335
COL,2012,48,2.3872916666666666,2.9012499999999997,2.375,3.125
DAL,2012,48,2.540625,3.1310416666666665,2.6666666666666665,2.9375
DET,2012,48,2.603125,2.373125,2.5416666666666665,2.2916666666666665
EDM,2012,48,2.4583333333333335,3.0666666666666664,2.5625,2.7291666666666665
FLA,2012,48,2.478333333333333,3.0120833333333334,2.2708333333333335,3.5416666666666665
LAK,2012,48,2.737083333333333,2.2104166666666667,2.7291666666666665,2.375
MIN,2012,48,2.767708333333333,2.225,2.4583333333333335,2.6041666666666665
MTL,2012,48,2.76625,2.293125,3.0416666666666665,2.5833333333333335
NJD,2012,48,2.5797916666666665,2.2154166666666666,2.2916666666666665,2.5416666666666665
NSH,2012,48,2.2329166666666667,2.3816666666666664,2.2708333333333335,2.7708333333333335
NYI,2012,48,2.9789583333333334,2.5591666666666666,2.8125,2.8333333333333335
NYR,2012,48,2.515625,2.4270833333333335,2.625,2.25
OTT,2012,48,2.763333333333333,2.4991666666666665,2.3333333333333335,2.0833333333333335
PHI,2012,48,2.8322916666666664,2.8231249999999997,2.75,2.8958333333333335
PIT,2012,48,2.8560416666666666,2.5622916666666664,3.375,2.4791666666666665
SJS,2012,48,2.88125,2.4529166666666664,2.4166666666666665,2.3333333333333335
STL,2012,48,2.304375,2.1402083333333333,2.5833333333333335,2.375
TBL,2012,48,2.6214583333333334,3.016666666666667,3.0625,3.0625
TOR,2012,48,2.6245833333333333,2.874375,3.0208333333333335,2.6666666666666665
VAN,2012,48,2.5002083333333336,2.4006250000000002,2.5416666666666665,2.3958333333333335
WPG,2012,48,2.545,2.5881250000000002,2.625,2.9375
WSH,2012,48,2.775625,2.810625,3.0416666666666665,2.7083333333333335
ANA,2013,82,2.8154878048780487,2.5953658536585364,3.207317073170732,2.475609756097561
ARI,2013,82,2.5296341463414636,2.863536585365854,2.5609756097560976,2.731707317073171
BOS,2013,82,2.9320731707317074,2.3339024390243903,3.1463414634146343,2.0853658536585367
BUF,2013,82,2.183780487804878,3.0564634146341465,1.829268292682927,2.9634146341463414
CAR,2013,82,2.747560975609756,2.8590243902439023,2.5,2.7560975609756095
CBJ,2013,82,2.4114634146341465,2.364512195121951,2.7439024390243905,2.6097560975609757
CGY,2013,82,2.403780487804878,2.6409756097560977,2.4634146341463414,2.902439024390244
CHI,2013,82,2.852682926829268,2.3365853658536584,3.182926829268293,2.5853658536585367
COL,2013,82,2.692560975609756,2.9456097560975607,2.9878048780487805,2.6341463414634148
DAL,2013,82,2.9484146341463418,2.9223170731707317,2.817073170731707,2.707317073170732
DET,2013,82,2.5741463414634147,2.5039024390243902,2.6463414634146343,2.6951219512195124
EDM,2013,82,2.513658536585366,3.1179268292682925,2.426829268292683,3.2560975609756095
FLA,2013,82,2.489390243902439,2.831829268292683,2.292682926829268,3.1951219512195124
LAK,2013,82,2.901341463414634,2.471829268292683,2.4146341463414633,2.048780487804878
MIN,2013,82,2.333170731707317,2.298170731707317,2.426829268292683,2.4146341463414633
MTL,2013,82,2.596341463414634,2.727560975609756,2.548780487804878,2.451219512195122
NJD,2013,82,2.4840243902439023,2.162682926829268,2.402439024390244,2.3780487804878048
NSH,2013,82,2.4857317073170733,2.3823170731707317,2.6097560975609757,2.841463414634146
NYI,2013,82,2.8667073170731707,2.8903658536585364,2.6341463414634148,3.182926829268293
NYR,2013,82,2.76109756097561,2.5846341463414633,2.6097560975609757,2.317073170731707
OTT,2013,82,2.761829268292683,2.918780487804878,2.792682926829268,3.1463414634146343
PHI,2013,82,2.895731707317073,2.6886585365853657,2.841463414634146,2.768292682926829
PIT,2013,82,2.6132926829268293,2.3997560975609757,2.951219512195122,2.4878048780487805
SJS,2013,82,3.2821951219512195,2.262560975609756,2.9146341463414633,2.3536585365853657
STL,2013,82,2.5908536585365853,2.317073170731707,2.9146341463414633,2.292682926829268
TBL,2013,82,2.7641463414634146,2.676341463414634,2.8292682926829267,2.548780487804878
TOR,2013,82,2.4915853658536586,3.3534146341463416,2.707317073170732,3.073170731707317
VAN,2013,82,2.510609756097561,2.542439024390244,2.3292682926829267,2.6341463414634148
WPG,2013,82,2.7897560975609754,2.8740243902439024,2.6707317073170733,2.817073170731707
WSH,2013,82,2.6679268292682927,2.9682926829268292,2.7439024390243905,2.792682926829268
ANA,2014,82,2.6491463414634144,2.5140243902439026,2.7804878048780486,2.6951219512195124
ARI,2014,82,2.4073170731707316,3.102560975609756,2.0121951219512195,3.2560975609756095
BOS,2014,82,2.589512195121951,2.486951219512195,2.548780487804878,2.451219512195122
BUF,2014,82,2.0857317073170734,3.222439024390244,1.8658536585365855,3.2804878048780486
CAR,2014,82,2.640731707317073,2.5447560975609753,2.231707317073171,2.6707317073170733
CBJ,2014,82,2.575853658536585,2.894268292682927,2.768292682926829,3.024390243902439
CGY,2014,82,2.683780487804878,2.7260975609756097,2.8902439024390243,2.597560975609756
CHI,2014,82,2.9453658536585365,2.6086585365853656,2.682926829268293,2.268292682926829
COL,2014,82,2.51390243902439,3.1176829268292683,2.548780487804878,2.7195121951219514
DAL,2014,82,3.106829268292683,2.8656097560975606,3.1341463414634148,3.1341463414634148
DET,2014,82,2.765121951219512,2.5165853658536586,2.817073170731707,2.573170731707317
EDM,2014,82,2.518780487804878,3.0264634146341463,2.3536585365853657,3.3658536585365852
FLA,2014,82,2.6158536585365852,2.5479268292682926,2.4146341463414633,2.597560975609756
LAK,2014,82,2.6282926829268294,2.471829268292683,2.658536585365854,2.402439024390244
MIN,2014,82,2.839390243902439,2.321829268292683,2.768292682926829,2.4146341463414633
MTL,2014,82,2.535365853658537,2.622926829268293,2.6097560975609757,2.2439024390243905
NJD,2014,82,2.2796341463414636,2.6908536585365854,2.1463414634146343,2.548780487804878
NSH,2014,82,2.6146341463414635,2.353048780487805,2.7560975609756095,2.4634146341463414
NYI,2014,82,3.207560975609756,2.564878048780488,2.9878048780487805,2.731707317073171
NYR,2014,82,2.8920731707317073,2.566341463414634,3.024390243902439,2.2804878048780486
OTT,2014,82,2.755121951219512,2.5297560975609756,2.8292682926829267,2.5365853658536586
PHI,2014,82,2.7339024390243902,2.862195121951219,2.5853658536585367,2.7195121951219514
PIT,2014,82,2.857317073170732,2.6497560975609757,2.6463414634146343,2.4878048780487805
SJS,2014,82,3.104756097560976,2.887926829268293,2.731707317073171,2.7560975609756095
STL,2014,82,2.6689024390243903,2.341219512195122,2.9146341463414633,2.402439024390244
TBL,2014,82,2.92390243902439,2.658292682926829,3.158536585365854,2.5121951219512195
TOR,2014,82,2.611829268292683,3.298414634146342,2.5121951219512195,3.1341463414634148
VAN,2014,82,2.6841463414634146,2.814878048780488,2.8780487804878048,2.682926829268293
WPG,2014,82,2.8397560975609757,2.730243902439024,2.7195121951219514,2.4878048780487805
WSH,2014,82,2.8891463414634146,2.625121951219512,2.8902439024390243,2.426829268292683
ANA,2015,82,2.8229268292682925,2.30609756097561,2.6219512195121952,2.292682926829268
ARI,2015,82,2.4515853658536586,2.7817073170731708,2.5365853658536586,2.975609756097561
BOS,2015,82,2.7278048780487807,2.9136585365853658,2.8780487804878048,2.7804878048780486
BUF,2015,82,2.5081707317073167,2.6704878048780487,2.426829268292683,2.6219512195121952
CAR,2015,82,2.880121951219512,2.7314634146341463,2.3902439024390243,2.6951219512195124
CBJ,2015,82,2.9171951219512198,3.046951219512195,2.597560975609756,3.024390243902439
CGY,2015,82,2.6329268292682926,2.7408536585365852,2.792682926829268,3.1341463414634148
CHI,2015,82,2.768048780487805,2.7079268292682928,2.8536585365853657,2.524390243902439
COL,2015,82,2.458170731707317,3.0793902439024388,2.5853658536585367,2.926829268292683
DAL,2015,82,3.153658536585366,2.7759756097560975,3.231707317073171,2.7804878048780486
DET,2015,82,2.683414634146341,2.7173170731707317,2.548780487804878,2.6707317073170733
EDM,2015,82,2.6797560975609755,2.924512195121951,2.426829268292683,2.951219512195122
FLA,2015,82,2.7409756097560973,2.685,2.8292682926829267,2.4390243902439024
LAK,2015,82,2.8757317073170734,2.6280487804878048,2.7195121951219514,2.341463414634146
MIN,2015,82,2.7002439024390243,2.4640243902439027,2.597560975609756,2.4878048780487805
MTL,2015,82,2.7180487804878046,2.6506097560975608,2.6341463414634148,2.841463414634146
NJD,2015,82,2.3356097560975613,2.6702439024390245,2.2195121951219514,2.4634146341463414
NSH,2015,82,2.684390243902439,2.234878048780488,2.731707317073171,2.597560975609756
NYI,2015,82,2.71390243902439,2.758658536585366,2.768292682926829,2.573170731707317
NYR,2015,82,2.518780487804878,2.7685365853658537,2.841463414634146,2.6219512195121952
OTT,2015,82,2.738414634146342,3.0003658536585367,2.8048780487804876,2.9390243902439024
PHI,2015,82,2.9315853658536586,2.9068292682926833,2.573170731707317,2.5609756097560976
PIT,2015,82,2.95,2.511951219512195,2.9390243902439024,2.426829268292683
SJS,2015,82,2.9810975609756096,2.4740243902439025,2.8902439024390243,2.524390243902439
STL,2015,82,2.6547560975609756,2.7281707317073174,2.6707317073170733,2.402439024390244
TBL,2015,82,2.629146341463415,2.5378048780487803,2.731707317073171,2.4146341463414633
TOR,2015,82,3.087317073170732,2.982073170731707,2.341463414634146,2.926829268292683
VAN,2015,82,2.370365853658537,2.9745121951219513,2.268292682926829,2.9146341463414633
WPG,2015,82,2.7737804878048777,2.966341463414634,2.5853658536585367,2.8780487804878048
WSH,2015,82,2.9453658536585365,2.6950000000000003,3.024390243902439,2.3292682926829267
ANA,2016,82,2.7664634146341465,2.546707317073171,2.682926829268293,2.402439024390244
ARI,2016,82,2.4529268292682924,3.313780487804878,2.3292682926829267,3.1463414634146343
BOS,2016,82,3.1141463414634147,2.4056097560975607,2.8292682926829267,2.548780487804878
BUF,2016,82,2.6415853658536586,2.996829268292683,2.426829268292683,2.817073170731707
CAR,2016,82,3.0435365853658536,2.7035365853658537,2.5853658536585367,2.8048780487804876
CBJ,2016,82,2.8843902439024394,2.772317073170732,3.0121951219512195,2.3536585365853657
CGY,2016,82,2.672439024390244,2.8402439024390245,2.707317073170732,2.6707317073170733
CHI,2016,82,2.7603658536585365,2.801219512195122,2.926829268292683,2.5853658536585367
COL,2016,82,2.3221951219512196,2.910487804878049,2.0121951219512195,3.3658536585365852
DAL,2016,82,2.9323170731707315,3.1974390243902437,2.707317073170732,3.1707317073170733
DET,2016,82,2.504390243902439,2.79,2.4146341463414633,2.975609756097561
EDM,2016,82,3.0673170731707318,2.878780487804878,2.9634146341463414,2.524390243902439
FLA,2016,82,2.758658536585366,2.904390243902439,2.5,2.817073170731707
LAK,2016,82,2.7975609756097564,2.5778048780487803,2.426829268292683,2.451219512195122
MIN,2016,82,2.9165853658536585,2.3742682926829266,3.207317073170732,2.5121951219512195
MTL,2016,82,2.7248780487804876,2.630609756097561,2.7195121951219514,2.4146341463414633
NJD,2016,82,2.505,2.9739024390243904,2.1951219512195124,2.9390243902439024
NSH,2016,82,2.790487804878049,2.6619512195121953,2.902439024390244,2.682926829268293
NYI,2016,82,2.8091463414634146,2.8762195121951217,2.9146341463414633,2.902439024390244
NYR,2016,82,2.8375609756097564,2.6890243902439024,3.0853658536585367,2.6341463414634148
OTT,2016,82,2.641951219512195,2.609390243902439,2.5121951219512195,2.5609756097560976
PHI,2016,82,2.9821951219512193,2.745365853658537,2.5853658536585367,2.817073170731707
PIT,2016,82,3.190731707317073,2.9671951219512196,3.3902439024390243,2.792682926829268
SJS,2016,82,2.9014634146341463,2.709878048780488,2.6707317073170733,2.4390243902439024
STL,2016,82,2.5618292682926826,2.51,2.841463414634146,2.6341463414634148
TBL,2016,82,2.935609756097561,2.765731707317073,2.8048780487804876,2.731707317073171
TOR,2016,82,3.278170731707317,3.170487804878049,3.048780487804878,2.8536585365853657
VAN,2016,82,2.4147560975609754,2.995853658536585,2.1707317073170733,2.9390243902439024
WPG,2016,82,2.9091463414634147,2.874512195121951,3.0,3.1097560975609757
WSH,2016,82,2.86609756097561,2.7903658536585367,3.182926829268293,2.158536585365854
ANA,2017,82,2.862195121951219,2.9207317073170733,2.817073170731707,2.548780487804878
ARI,2017,82,2.7593902439024394,3.197926829268293,2.5121951219512195,3.0609756097560976
BOS,2017,82,3.083048780487805,2.6239024390243904,3.2560975609756095,2.573170731707317
BUF,2017,82,2.523048780487805,3.0985365853658537,2.4146341463414633,3.3902439024390243
CAR,2017,82,3.1339024390243906,2.611341463414634,2.7439024390243905,3.0853658536585367
CBJ,2017,82,2.9450000000000003,2.895731707317073,2.8780487804878048,2.7560975609756095
CGY,2017,82,3.197682926829268,2.9450000000000003,2.6341463414634148,2.9634146341463414
CHI,2017,82,2.9448780487804878,3.0146341463414634,2.7804878048780486,3.097560975609756
COL,2017,82,2.6403658536585364,2.8602439024390245,3.1097560975609757,2.8780487804878048
DAL,2017,82,2.8529268292682928,2.6402439024390243,2.817073170731707,2.707317073170732
DET,2017,82,2.6458536585365855,2.9590243902439024,2.5853658536585367,3.097560975609756
EDM,2017,82,3.04,3.0858536585365854,2.792682926829268,3.1951219512195124
FLA,2017,82,3.022439024390244,3.057439024390244,2.9878048780487805,2.9634146341463414
LAK,2017,82,2.7042682926829267,2.8982926829268294,2.8902439024390243,2.4634146341463414
MIN,2017,82,2.9285365853658534,2.59,3.048780487804878,2.792682926829268
MTL,2017,82,2.9517073170731707,2.9671951219512196,2.524390243902439,3.1463414634146343
NJD,2017,82,2.7571951219512196,2.7750000000000004,2.9634146341463414,2.926829268292683
NSH,2017,82,2.9165853658536585,2.8053658536585364,3.182926829268293,2.4878048780487805
NYI,2017,82,2.785853658536585,3.1685365853658536,3.182926829268293,3.573170731707317
NYR,2017,82,2.736951219512195,3.064878048780488,2.7804878048780486,3.207317073170732
OTT,2017,82,2.5301219512195123,3.0834146341463415,2.6707317073170733,3.4634146341463414
PHI,2017,82,3.0764634146341465,2.8603658536585366,3.0365853658536586,2.8780487804878048
PIT,2017,82,3.0940243902439026,2.91109756097561,3.292682926829268,3.024390243902439
SJS,2017,82,2.95,2.6886585365853657,3.0121951219512195,2.7560975609756095
STL,2017,82,2.6726829268292684,2.5998780487804876,2.7195121951219514,2.707317073170732
TBL,2017,82,3.1546341463414636,2.863536585365854,3.5365853658536586,2.8536585365853657
TOR,2017,82,3.3001219512195124,3.0101219512195123,3.292682926829268,2.8048780487804876
VAN,2017,82,2.582317073170732,2.9000000000000004,2.658536585365854,3.158536585365854
VGK,2017,82,3.0385365853658537,2.769390243902439,3.268292682926829,2.7439024390243905
WPG,2017,82,2.949024390243902,2.637926829268293,3.3292682926829267,2.6341463414634148
WSH,2017,82,2.784390243902439,3.06,3.1219512195121952,2.902439024390244
ANA,2018,82,2.4026829268292684,3.107439024390244,2.3902439024390243,3.024390243902439
ARI,2018,82,2.8841463414634148,2.737195121951219,2.548780487804878,2.682926829268293
BOS,2018,82,2.9476829268292684,2.6785365853658534,3.1341463414634148,2.5853658536585367
BUF,2018,82,2.749512195121951,2.9614634146341463,2.6951219512195124,3.268292682926829
CAR,2018,82,3.502317073170732,2.7509756097560976,2.9634146341463414,2.6951219512195124
CBJ,2018,82,2.911219512195122,2.7824390243902437,3.1219512195121952,2.817073170731707
CGY,2018,82,3.1719512195121955,2.801829268292683,3.524390243902439,2.7195121951219514
CHI,2018,82,2.717439024390244,3.3171951219512192,3.2560975609756095,3.548780487804878
COL,2018,82,2.864268292682927,2.8356097560975613,3.1463414634146343,2.975609756097561
DAL,2018,82,2.814390243902439,2.716951219512195,2.548780487804878,2.4390243902439024
DET,2018,82,2.6440243902439025,3.288170731707317,2.731707317073171,3.317073170731707
EDM,2018,82,2.691829268292683,2.978780487804878,2.792682926829268,3.3048780487804876
FLA,2018,82,2.838658536585366,2.9046341463414636,3.2195121951219514,3.3292682926829267
LAK,2018,82,2.5608536585365855,3.020609756097561,2.426829268292683,3.158536585365854
MIN,2018,82,2.8356097560975613,2.5946341463414635,2.5609756097560976,2.841463414634146
MTL,2018,82,2.9053658536585365,2.7417073170731707,3.0,2.8780487804878048
NJD,2018,82,2.6345121951219515,2.8603658536585366,2.6707317073170733,3.3048780487804876
NSH,2018,82,2.8398780487804878,2.8432926829268292,2.8780487804878048,2.5853658536585367
NYI,2018,82,2.801341463414634,2.69,2.7195121951219514,2.3292682926829267
NYR,2018,82,2.652195121951219,3.024878048780488,2.6951219512195124,3.2560975609756095
OTT,2018,82,2.7907317073170734,3.1756097560975607,2.951219512195122,3.6707317073170733
PHI,2018,82,2.8764634146341463,3.012560975609756,2.9390243902439024,3.4146341463414633
PIT,2018,82,3.187682926829268,2.8426829268292684,3.3048780487804876,2.902439024390244
SJS,2018,82,3.091707317073171,2.721951219512195,3.524390243902439,3.1463414634146343
STL,2018,82,2.9464634146341466,2.5542682926829268,2.975609756097561,2.682926829268293
TBL,2018,82,3.3135365853658536,2.7893902439024387,3.8902439024390243,2.6951219512195124
TOR,2018,82,3.295121951219512,2.993048780487805,3.4878048780487805,3.0365853658536586
VAN,2018,82,2.4680487804878046,2.857439024390244,2.6707317073170733,3.024390243902439
VGK,2018,82,3.343780487804878,2.7170731707317075,3.0,2.7804878048780486
WPG,2018,82,2.8015853658536582,2.9654878048780486,3.292682926829268,2.9634146341463414
WSH,2018,82,2.8760975609756096,3.0946341463414635,3.341463414634146,3.024390243902439
ANA,2019,71,2.5116901408450705,2.7892957746478872,2.5492957746478875,3.1267605633802815
ARI,2019,70,2.817,2.818571428571429,2.7142857142857144,2.6142857142857143
BOS,2019,70,2.998,2.738142857142857,3.242857142857143,2.3857142857142857
BUF,2019,69,2.540579710144928,2.8731884057971016,2.7971014492753623,3.1159420289855073
CAR,2019,68,3.3145588235294117,2.8327941176470586,3.1911764705882355,2.838235294117647
CBJ,2019,70,2.5732857142857144,2.430142857142857,2.5714285714285716,2.6142857142857143
CGY,2019,70,2.9309999999999996,2.829714285714286,2.914285714285714,3.057142857142857
CHI,2019,70,2.878857142857143,3.1695714285714285,2.9714285714285715,3.057142857142857
COL,2019,70,2.7471428571428573,2.6705714285714284,3.3714285714285714,2.7
DAL,2019,69,2.8592753623188405,2.656376811594203,2.579710144927536,2.5217391304347827
DET,2019,71,2.3480281690140847,3.347323943661972,2.0,3.732394366197183
EDM,2019,71,2.8974647887323943,2.8522535211267606,3.140845070422535,3.0140845070422535
FLA,2019,69,2.909710144927536,2.9859420289855074,3.3043478260869565,3.246376811594203
LAK,2019,70,2.8254285714285716,2.806285714285714,2.5285714285714285,2.9857142857142858
MIN,2019,69,2.72768115942029,2.632753623188406,3.1594202898550723,3.1449275362318843
MTL,2019,71,3.156901408450704,2.8364788732394364,2.9295774647887325,3.0985915492957745
NJD,2019,69,2.8568115942028984,3.061159420289855,2.681159420289855,3.246376811594203
NSH,2019,69,2.8175362318840578,2.8685507246376813,3.072463768115942,3.101449275362319
NYI,2019,68,2.6388235294117646,2.7297058823529414,2.7794117647058822,2.7941176470588234
NYR,2019,70,2.761285714285714,3.176142857142857,3.3285714285714287,3.142857142857143
OTT,2019,71,3.0022535211267605,3.1335211267605634,2.676056338028169,3.352112676056338
PHI,2019,69,2.9542028985507245,2.745072463768116,3.260869565217391,2.739130434782609
PIT,2019,69,2.8721739130434782,2.552898550724638,3.2028985507246377,2.8405797101449277
SJS,2019,70,2.8104285714285715,2.9592857142857145,2.5714285714285716,3.2142857142857144
STL,2019,71,2.7281690140845067,2.6911267605633804,3.0985915492957745,2.6619718309859155
TBL,2019,70,3.059285714285714,2.7685714285714287,3.4,2.742857142857143
TOR,2019,70,3.1108571428571428,2.9044285714285714,3.3714285714285714,3.1714285714285713
VAN,2019,69,2.8655072463768114,2.977391304347826,3.2318840579710146,3.0579710144927534
VGK,2019,71,3.1371830985915494,2.8336619718309857,3.1549295774647885,2.943661971830986
WPG,2019,71,2.8983098591549297,3.2050704225352113,3.0,2.8309859154929575
WSH,2019,69,3.167826086956522,2.8099999999999996,3.420289855072464,3.072463768115942
ANA,2020,56,2.2832142857142856,2.85125,2.2142857142857144,3.1607142857142856
ARI,2020,56,2.5010714285714286,2.9098214285714286,2.6785714285714284,3.107142857142857
BOS,2020,56,2.7725,2.3642857142857143,2.9285714285714284,2.392857142857143
BUF,2020,56,2.5082142857142857,3.005714285714286,2.392857142857143,3.5
CAR,2020,56,3.251785714285714,2.5535714285714284,3.125,2.392857142857143
CBJ,2020,56,2.2592857142857143,2.9828571428571427,2.392857142857143,3.2857142857142856
CGY,2020,56,2.8496428571428574,2.6357142857142857,2.767857142857143,2.857142857142857
CHI,2020,56,2.4601785714285715,2.9098214285714286,2.8392857142857144,3.2857142857142856
COL,2020,56,3.2544642857142856,2.1294642857142856,3.517857142857143,2.357142857142857
DAL,2020,56,2.5783928571428567,2.404821428571428,2.7857142857142856,2.642857142857143
DET,2020,56,2.3935714285714282,2.879642857142857,2.232142857142857,3.0
EDM,2020,56,3.1342857142857143,2.7998214285714282,3.267857142857143,2.75
FLA,2020,56,3.1807142857142856,2.578928571428571,3.357142857142857,2.6964285714285716
LAK,2020,56,2.37,2.9676785714285714,2.5357142857142856,3.017857142857143
MIN,2020,56,2.7791071428571428,2.57,3.2142857142857144,2.8392857142857144
MTL,2020,56,2.794107142857143,2.9175,2.8214285714285716,2.9464285714285716
NJD,2020,56,2.57875,2.9678571428571425,2.5892857142857144,3.375
NSH,2020,56,2.6475,2.802857142857143,2.6964285714285716,2.75
NYI,2020,56,2.674107142857143,2.3089285714285714,2.7142857142857144,2.232142857142857
NYR,2020,56,2.6680357142857143,2.641785714285714,3.142857142857143,2.767857142857143
OTT,2020,56,2.6655357142857143,2.9232142857142853,2.767857142857143,3.375
PHI,2020,56,2.6725,2.8414285714285716,2.857142857142857,3.517857142857143
PIT,2020,56,2.843571428571429,2.6042857142857145,3.4464285714285716,2.767857142857143
SJS,2020,56,2.8003571428571425,2.8299999999999996,2.607142857142857,3.5
STL,2020,56,2.42625,2.811071428571428,2.982142857142857,2.982142857142857
TBL,2020,56,3.0048214285714288,2.6639285714285714,3.2142857142857144,2.5892857142857144
TOR,2020,56,3.513214285714286,2.6896428571428572,3.3214285714285716,2.642857142857143
VAN,2020,56,2.645892857142857,3.307857142857143,2.642857142857143,3.3392857142857144
VGK,2020,56,3.224285714285714,2.569107142857143,3.392857142857143,2.1785714285714284
WPG,2020,56,2.764642857142857,3.093392857142857,3.0357142857142856,2.7142857142857144
WSH,2020,56,2.6475,2.6310714285714285,3.357142857142857,2.875
ANA,2021,82,2.636463414634146,3.051219512195122,2.7804878048780486,3.2439024390243905
ARI,2021,82,2.3782926829268294,3.421219512195122,2.5121951219512195,3.768292682926829
BOS,2021,82,3.2090243902439024,2.7235365853658537,3.0853658536585367,2.658536585365854
BUF,2021,82,2.5612195121951222,3.13609756097561,2.792682926829268,3.5
CAR,2021,82,3.5675609756097564,2.754146341463415,3.3780487804878048,2.4390243902439024
CBJ,2021,82,2.9271951219512196,3.56609756097561,3.1463414634146343,3.6219512195121952
CGY,2021,82,3.2792682926829264,2.5529268292682925,3.548780487804878,2.5121951219512195
CHI,2021,82,2.489390243902439,2.8425609756097563,2.597560975609756,3.524390243902439
COL,2021,82,3.396951219512195,2.9545121951219513,3.7560975609756095,2.8292682926829267
DAL,2021,82,3.2282926829268295,2.8447560975609756,2.841463414634146,2.975609756097561
DET,2021,82,2.8302439024390247,3.482073170731707,2.768292682926829,3.7804878048780486
EDM,2021,82,3.5168292682926827,3.058292682926829,3.475609756097561,3.0609756097560976
FLA,2021,82,3.9210975609756096,3.1814634146341465,4.109756097560975,2.951219512195122
LAK,2021,82,3.3174390243902434,2.972926829268293,2.8658536585365852,2.8292682926829267
MIN,2021,82,3.1221951219512194,2.9564634146341464,3.7195121951219514,3.0365853658536586
MTL,2021,82,2.621829268292683,3.4454878048780486,2.658536585365854,3.8658536585365852
NJD,2021,82,2.9359756097560976,3.0396341463414633,2.9878048780487805,3.682926829268293
NSH,2021,82,3.080487804878049,3.167317073170732,3.1951219512195124,3.048780487804878
NYI,2021,82,2.6657317073170734,2.9314634146341465,2.792682926829268,2.817073170731707
NYR,2021,82,2.9279268292682925,2.768292682926829,3.048780487804878,2.4878048780487805
OTT,2021,82,3.0530487804878046,3.323048780487805,2.731707317073171,3.2195121951219514
PHI,2021,82,2.8690243902439025,3.4474390243902437,2.5609756097560976,3.5853658536585367
PIT,2021,82,3.3759756097560976,2.920121951219512,3.2804878048780486,2.707317073170732
SEA,2021,82,2.596341463414634,3.0010975609756096,2.597560975609756,3.4634146341463414
SJS,2021,82,2.7115853658536584,3.1614634146341465,2.573170731707317,3.182926829268293
STL,2021,82,3.13890243902439,3.0590243902439025,3.768292682926829,2.9146341463414633
TBL,2021,82,3.336463414634146,3.073780487804878,3.475609756097561,2.7804878048780486
TOR,2021,82,3.626219512195122,2.8003658536585365,3.8048780487804876,3.073170731707317
VAN,2021,82,3.0457317073170733,3.0789024390243904,3.0,2.817073170731707
VGK,2021,82,3.267073170731707,3.0796341463414634,3.1951219512195124,2.975609756097561
WPG,2021,82,3.305853658536585,3.40390243902439,3.048780487804878,3.0853658536585367
WSH,2021,82,3.012926829268293,2.7532926829268294,3.292682926829268,2.951219512195122
ANA,2022,82,2.5389024390243904,3.979878048780488,2.5121951219512195,4.085365853658536
ARI,2022,82,2.7023170731707316,3.862073170731707,2.7439024390243905,3.597560975609756
BOS,2022,82,3.517439024390244,2.917560975609756,3.6707317073170733,2.1219512195121952
BUF,2022,82,3.3918292682926827,3.5223170731707314,3.573170731707317,3.6219512195121952
CAR,2022,82,3.6791463414634147,2.5856097560975613,3.1951219512195124,2.5609756097560976
CBJ,2022,82,2.8581707317073173,3.6891463414634145,2.597560975609756,4.012195121951219
CGY,2022,82,3.401951219512195,2.925731707317073,3.1463414634146343,3.0121951219512195
CHI,2022,82,2.614390243902439,3.5089024390243906,2.4634146341463414,3.6463414634146343
COL,2022,82,3.256829268292683,2.981707317073171,3.341463414634146,2.7195121951219514
DAL,2022,82,3.424634146341463,2.7634146341463413,3.426829268292683,2.6219512195121952
DET,2022,82,2.784024390243902,3.028170731707317,2.8902439024390243,3.3536585365853657
EDM,2022,82,3.8317073170731706,2.9609756097560975,3.9634146341463414,3.1219512195121952
FLA,2022,82,3.8632926829268297,3.457439024390244,3.5121951219512195,3.317073170731707
LAK,2022,82,3.285853658536585,2.881951219512195,3.341463414634146,3.097560975609756
MIN,2022,82,3.173292682926829,3.0158536585365856,2.9146341463414633,2.6707317073170733
MTL,2022,82,2.6595121951219514,3.872439024390244,2.768292682926829,3.7195121951219514
NJD,2022,82,3.7087804878048782,2.8360975609756096,3.524390243902439,2.707317073170732
NSH,2022,82,3.2665853658536586,3.643048780487805,2.7195121951219514,2.8780487804878048
NYI,2022,82,3.1556097560975607,3.1553658536585365,2.951219512195122,2.6463414634146343
NYR,2022,82,3.1658536585365855,3.0029268292682927,3.3292682926829267,2.6341463414634148
OTT,2022,82,3.5723170731707317,3.391341463414634,3.158536585365854,3.292682926829268
PHI,2022,82,2.817560975609756,3.3431707317073167,2.682926829268293,3.3658536585365852
PIT,2022,82,3.671219512195122,3.270731707317073,3.182926829268293,3.207317073170732
SEA,2022,82,3.131829268292683,2.9657317073170733,3.524390243902439,3.073170731707317
SJS,2022,82,3.1723170731707317,3.4543902439024388,2.841463414634146,3.841463414634146
STL,2022,82,2.698048780487805,3.4482926829268292,3.1707317073170733,3.6341463414634148
TBL,2022,82,3.5898780487804878,3.30890243902439,3.4146341463414633,3.073170731707317
TOR,2022,82,3.535609756097561,2.949268292682927,3.3902439024390243,2.682926829268293
VAN,2022,82,2.9915853658536586,3.2235365853658533,3.292682926829268,3.6097560975609757
VGK,2022,82,3.283658536585366,2.8808536585365854,3.2560975609756095,2.7439024390243905
WPG,2022,82,3.2656097560975605,3.0659756097560975,3.0,2.731707317073171
WSH,2022,82,3.1615853658536586,3.2785365853658535,3.0853658536585367,3.182926829268293
ANA,2023,82,2.6553658536585365,3.473414634146341,2.475609756097561,3.573170731707317
ARI,2023,82,3.020487804878049,3.3536585365853657,3.097560975609756,3.341463414634146
BOS,2023,82,3.153170731707317,3.0715853658536587,3.207317073170732,2.6951219512195124
BUF,2023,82,3.037926829268293,3.3042682926829268,2.975609756097561,2.9634146341463414
CAR,2023,82,3.5075609756097563,2.6754878048780486,3.3780487804878048,2.573170731707317
CBJ,2023,82,2.8971951219512193,3.545121951219512,2.8536585365853657,3.6341463414634148
CGY,2023,82,3.0567073170731707,3.1428048780487803,3.0853658536585367,3.2560975609756095
CHI,2023,82,2.4898780487804877,3.396829268292683,2.1707317073170733,3.524390243902439
COL,2023,82,3.56280487804878,3.2978048780487805,3.682926829268293,3.073170731707317
DAL,2023,82,3.479390243902439,2.7585365853658534,3.5853658536585367,2.8292682926829267
DET,2023,82,2.9657317073170733,3.336585365853659,3.3536585365853657,3.3292682926829267
EDM,2023,82,3.7991463414634143,2.815121951219512,3.5609756097560976,2.8780487804878048
FLA,2023,82,3.7410975609756094,2.801463414634146,3.231707317073171,2.4146341463414633
LAK,2023,82,3.2929268292682923,2.861219512195122,3.097560975609756,2.5609756097560976
MIN,2023,82,3.152560975609756,2.92609756097561,3.024390243902439,3.1707317073170733
MTL,2023,82,2.796951219512195,3.434268292682927,2.8292682926829267,3.426829268292683
NJD,2023,82,3.3592682926829265,3.3070731707317074,3.2195121951219514,3.426829268292683
NSH,2023,82,3.3632926829268297,3.058780487804878,3.2439024390243905,3.024390243902439
NYI,2023,82,2.941951219512195,3.2196341463414635,2.9878048780487805,3.1463414634146343
NYR,2023,82,3.2748780487804883,3.042317073170732,3.3902439024390243,2.7560975609756095
OTT,2023,82,3.0679268292682926,3.0231707317073173,3.048780487804878,3.426829268292683
PHI,2023,82,2.9602439024390246,2.912926829268293,2.817073170731707,3.1463414634146343
PIT,2023,82,3.4979268292682923,3.133048780487805,3.0853658536585367,3.024390243902439
SEA,2023,82,2.841951219512195,2.7489024390243904,2.6097560975609757,2.8292682926829267
SJS,2023,82,2.4770731707317073,3.8839024390243906,2.1951219512195124,3.975609756097561
STL,2023,82,2.9214634146341463,3.329756097560976,2.8536585365853657,3.024390243902439
TBL,2023,82,3.2929268292682923,3.180365853658537,3.5121951219512195,3.2560975609756095
TOR,2023,82,3.5743902439024393,3.2265853658536585,3.6341463414634148,3.182926829268293
VAN,2023,82,3.2026829268292683,2.928658536585366,3.402439024390244,2.6951219512195124
VGK,2023,82,3.089390243902439,3.026829268292683,3.207317073170732,2.9634146341463414
WPG,2023,82,3.0389024390243904,2.9535365853658537,3.158536585365854,2.4146341463414633
WSH,2023,82,2.877439024390244,3.2209756097560978,2.6341463414634148,3.073170731707317
ANA,2024,82,2.928292682926829,3.638780487804878,2.6463414634146343,3.182926829268293
BOS,2024,82,2.892926829268293,3.174756097560975,2.707317073170732,3.3048780487804876
BUF,2024,82,3.1173170731707316,3.3826829268292684,3.231707317073171,3.5
CAR,2024,82,3.594024390243902,2.888048780487805,3.2439024390243905,2.8048780487804876
CBJ,2024,82,2.995853658536585,3.263292682926829,3.2560975609756095,3.2560975609756095
CGY,2024,82,2.9543902439024388,3.100121951219512,2.682926829268293,2.8780487804878048
CHI,2024,82,2.512560975609756,3.423292682926829,2.731707317073171,3.5609756097560976
COL,2024,82,3.1785365853658534,2.8270731707317074,3.3292682926829267,2.817073170731707
DAL,2024,82,3.3107317073170734,3.0774390243902436,3.3536585365853657,2.707317073170732
DET,2024,82,3.1374390243902437,3.2785365853658535,2.8658536585365852,3.158536585365854
EDM,2024,82,3.388780487804878,2.796951219512195,3.158536585365854,2.8658536585365852
FLA,2024,82,3.4995121951219508,2.8691463414634146,3.0,2.7195121951219514
LAK,2024,82,3.0882926829268293,2.606219512195122,3.0365853658536586,2.475609756097561
MIN,2024,82,2.9074390243902437,2.919512195121951,2.7439024390243905,2.8780487804878048
MTL,2024,82,2.9312195121951223,3.506463414634146,2.9634146341463414,3.182926829268293
NJD,2024,82,3.3871951219512195,2.968658536585366,2.926829268292683,2.682926829268293
NSH,2024,82,3.2126829268292685,3.1435365853658532,2.5853658536585367,3.341463414634146
NYI,2024,82,2.962317073170732,3.1785365853658534,2.707317073170732,3.1341463414634148
NYR,2024,82,3.175975609756098,3.3824390243902442,3.1097560975609757,3.1097560975609757
OTT,2024,82,3.0852439024390246,3.1179268292682925,2.951219512195122,2.8292682926829267
PHI,2024,82,3.0562195121951223,2.917682926829268,2.8292682926829267,3.451219512195122
PIT,2024,82,3.1641463414634146,3.3804878048780487,2.951219512195122,3.5
SEA,2024,82,2.896219512195122,3.2931707317073173,2.9878048780487805,3.1951219512195124
SJS,2024,82,2.696341463414634,3.645121951219512,2.5365853658536586,3.7804878048780486
STL,2024,82,2.7270731707317073,2.8264634146341465,3.048780487804878,2.817073170731707
TBL,2024,82,3.3454878048780485,2.9389024390243903,3.5609756097560976,2.6341463414634148
TOR,2024,82,3.2026829268292683,3.2508536585365855,3.2560975609756095,2.792682926829268
UTA,2024,82,3.337073170731707,3.0558536585365856,2.926829268292683,3.0121951219512195
VAN,2024,82,2.8206097560975607,2.908536585365854,2.841463414634146,3.0609756097560976
VGK,2024,82,3.391951219512195,2.8270731707317074,3.341463414634146,2.6097560975609757
WPG,2024,82,3.1797560975609755,2.803780487804878,3.3536585365853657,2.317073170731707
WSH,2024,82,3.3662195121951215,3.053170731707317,3.4878048780487805,2.792682926829268
ANA,2025,82,3.464146341463415,3.3826829268292684,3.231707317073171,3.5121951219512195
BOS,2025,82,3.0298780487804877,3.381951219512195,3.268292682926829,3.0121951219512195
BUF,2025,82,3.16,3.2196341463414635,3.451219512195122,2.926829268292683
CAR,2025,82,3.6962195121951216,2.8532926829268295,3.548780487804878,2.8780487804878048
CBJ,2025,82,3.1810975609756103,3.1486585365853657,3.0,3.0609756097560976
CGY,2025,82,2.830853658536585,3.312073170731707,2.5365853658536586,3.1219512195121952
CHI,2025,82,2.6758536585365853,3.3984146341463415,2.5609756097560976,3.292682926829268
COL,2025,82,3.7195121951219514,2.7953658536585366,3.6341463414634148,2.402439024390244
DAL,2025,82,3.1904878048780487,2.895243902439024,3.3292682926829267,2.707317073170732
DET,2025,82,3.1300000000000003,3.091951219512195,2.9146341463414633,3.097560975609756
EDM,2025,82,3.363414634146342,3.1439024390243904,3.4390243902439024,3.231707317073171
FLA,2025,82,3.2381707317073167,3.2479268292682923,3.0,3.341463414634146
LAK,2025,82,3.035609756097561,2.9273170731707316,2.682926829268293,2.902439024390244
MIN,2025,82,3.269878048780488,2.948170731707317,3.268292682926829,2.8658536585365852
MTL,2025,82,3.2841463414634147,3.3385365853658535,3.402439024390244,3.0609756097560976
NJD,2025,82,3.179390243902439,3.063048780487805,2.7560975609756095,3.0853658536585367
NSH,2025,82,3.0525609756097563,3.318170731707317,2.951219512195122,3.2560975609756095
NYI,2025,82,3.118048780487805,3.3826829268292684,2.792682926829268,2.8780487804878048
NYR,2025,82,2.8986585365853657,3.2920731707317072,2.8658536585365852,3.0365853658536586
OTT,2025,82,3.340243902439024,2.6871951219512193,3.3536585365853657,2.9878048780487805
PHI,2025,82,2.950731707317073,2.8421951219512196,2.926829268292683,2.9146341463414633
PIT,2025,82,3.3556097560975613,3.146951219512195,3.5365853658536586,3.1463414634146343
SEA,2025,82,2.723780487804878,3.164390243902439,2.731707317073171,3.1341463414634148
SJS,2025,82,2.94890243902439,3.2374390243902442,3.0365853658536586,3.5365853658536586
STL,2025,82,2.7195121951219514,3.0214634146341464,2.8048780487804876,3.097560975609756
TBL,2025,82,3.4880487804878046,2.9496341463414635,3.4878048780487805,2.792682926829268
TOR,2025,82,2.901707317073171,3.5058536585365854,3.073170731707317,3.597560975609756
UTA,2025,82,3.201341463414634,3.1002439024390243,3.268292682926829,2.926829268292683
VAN,2025,82,2.831341463414634,3.527439024390244,2.5609756097560976,3.8292682926829267
VGK,2025,82,3.2267073170731706,2.768048780487805,3.2195121951219514,2.951219512195122
WPG,2025,82,3.0220731707317072,3.224390243902439,2.792682926829268,3.1219512195121952
WSH,2025,82,3.303170731707317,3.2146341463414636,3.182926829268293,2.902439024390244
