team,season,goalie_name,goalie_gp,gsax,gsax_pg
ANA,2008,Jean-Sebastien Giguere,46,-17.540000000000006,-0.3813043478260871
ARI,2008,Ilya Bryzgalov,64,-20.830000000000013,-0.3254687500000002
ATL,2008,Kari Lehtonen,46,-4.180000000000007,-0.09086956521739145
BOS,2008,Tim Thomas,53,25.129999999999995,0.4741509433962263
BUF,2008,Ryan Miller,59,-5.280000000000001,-0.08949152542372883
CAR,2008,Cam Ward,68,18.44999999999999,0.2713235294117645
CBJ,2008,Steve Mason,61,-5.009999999999991,-0.08213114754098345
CGY,2008,Miikka Kiprusoff,76,-19.539999999999992,-0.2571052631578946
CHI,2008,Nikolai Khabibulin,42,8.159999999999997,0.1942857142857142
COL,2008,Peter Budaj,56,-17.97999999999999,-0.3210714285714284
DAL,2008,Marty Turco,74,-16.159999999999997,-0.21837837837837834
DET,2008,Chris Osgood,46,-19.040000000000006,-0.413913043478261
EDM,2008,Dwayne Roloson,63,3.4499999999999886,0.05476190476190458
FLA,2008,Tomas Vokoun,59,17.409999999999997,0.2950847457627118
LAK,2008,Jonathan Quick,44,7.700000000000003,0.17500000000000007
MIN,2008,Niklas Backstrom,71,1.3799999999999955,0.019436619718309796
MTL,2008,Carey Price,52,-7.060000000000002,-0.1357692307692308
NJD,2008,Scott Clemmensen,40,-3.25,-0.08125
NSH,2008,Pekka Rinne,52,-1.9000000000000057,-0.036538461538461645
NYI,2008,Joey MacDonald,49,-23.72,-0.4840816326530612
NYR,2008,Henrik Lundqvist,70,7.650000000000006,0.10928571428571436
OTT,2008,Alex Auld,43,1.9699999999999989,0.04581395348837207
PHI,2008,Martin Biron,55,-2.8700000000000045,-0.05218181818181827
PIT,2008,Marc-Andre Fleury,62,-7.8700000000000045,-0.1269354838709678
SJS,2008,Evgeni Nabokov,62,-9.240000000000009,-0.14903225806451628
STL,2008,Chris Mason,57,1.1800000000000068,0.020701754385965034
TBL,2008,Mike Smith,41,-2.3900000000000006,-0.058292682926829285
TOR,2008,Vesa Toskala,52,-17.669999999999987,-0.3398076923076921
VAN,2008,Roberto Luongo,53,16.599999999999994,0.3132075471698112
WSH,2008,Jose Theodore,57,-12.77000000000001,-0.22403508771929842
ANA,2009,Jonas Hiller,59,19.310000000000002,0.3272881355932204
ARI,2009,Ilya Bryzgalov,69,6.889999999999986,0.09985507246376792
ATL,2009,Johan Hedberg,47,7.290000000000006,0.15510638297872353
BOS,2009,Tuukka Rask,45,16.209999999999994,0.3602222222222221
BUF,2009,Ryan Miller,69,29.379999999999995,0.4257971014492753
CAR,2009,Cam Ward,46,20.860000000000014,0.4534782608695655
CBJ,2009,Steve Mason,57,-35.18000000000001,-0.6171929824561405
CGY,2009,Miikka Kiprusoff,73,6.990000000000009,0.09575342465753438
CHI,2009,Cristobal Huet,48,-16.730000000000004,-0.34854166666666675
COL,2009,Craig Anderson,71,3.3100000000000023,0.046619718309859184
DAL,2009,Marty Turco,52,-0.5699999999999932,-0.01096153846153833
DET,2009,Jimmy Howard,63,9.689999999999998,0.15380952380952378
EDM,2009,Jeff Deslauriers,48,-7.030000000000001,-0.14645833333333336
FLA,2009,Tomas Vokoun,63,23.25999999999999,0.36920634920634904
LAK,2009,Jonathan Quick,72,2.7299999999999898,0.03791666666666652
MIN,2009,Niklas Backstrom,60,-28.400000000000006,-0.47333333333333344
MTL,2009,Jaroslav Halak,45,19.58,0.43511111111111106
NJD,2009,Martin Brodeur,77,3.1899999999999977,0.0414285714285714
NSH,2009,Pekka Rinne,58,-4.849999999999994,-0.08362068965517232
NYI,2009,Dwayne Roloson,50,-0.9399999999999977,-0.018799999999999956
NYR,2009,Henrik Lundqvist,73,31.620000000000005,0.43315068493150694
OTT,2009,Brian Elliott,55,-9.079999999999998,-0.16509090909090907
PHI,2009,Michael Leighton,34,-1.1500000000000057,-0.03382352941176487
PIT,2009,Marc-Andre Fleury,66,-9.599999999999994,-0.14545454545454536
SJS,2009,Evgeni Nabokov,71,20.310000000000002,0.28605633802816904
STL,2009,Chris Mason,61,10.819999999999993,0.17737704918032776
TBL,2009,Antero Niittymaki,49,4.52000000000001,0.09224489795918388
TOR,2009,Jonas Gustavsson,42,-9.819999999999993,-0.23380952380952363
VAN,2009,Roberto Luongo,68,-1.9399999999999977,-0.02852941176470585
WSH,2009,Jose Theodore,47,5.819999999999993,0.12382978723404241
ANA,2010,Jonas Hiller,49,20.72,0.4228571428571428
ARI,2010,Ilya Bryzgalov,68,14.330000000000013,0.21073529411764724
ATL,2010,Ondrej Pavelec,58,2.530000000000001,0.043620689655172434
BOS,2010,Tim Thomas,57,39.56,0.6940350877192983
BUF,2010,Ryan Miller,66,4.840000000000003,0.07333333333333339
CAR,2010,Cam Ward,74,25.879999999999995,0.34972972972972965
CBJ,2010,Steve Mason,54,-29.650000000000006,-0.5490740740740742
CGY,2010,Miikka Kiprusoff,71,-24.349999999999994,-0.34295774647887317
CHI,2010,Corey Crawford,57,11.259999999999991,0.19754385964912266
COL,2010,Brian Elliott,55,-23.439999999999998,-0.42618181818181816
DAL,2010,Kari Lehtonen,69,-1.5699999999999932,-0.022753623188405698
DET,2010,Jimmy Howard,63,-11.949999999999989,-0.1896825396825395
EDM,2010,Nikolai Khabibulin,47,-19.289999999999992,-0.41042553191489345
FLA,2010,Tomas Vokoun,57,8.110000000000014,0.1422807017543862
LAK,2010,Jonathan Quick,61,5.180000000000007,0.08491803278688535
MIN,2010,Niklas Backstrom,51,5.939999999999998,0.11647058823529408
MTL,2010,Carey Price,72,20.539999999999992,0.2852777777777777
NJD,2010,Martin Brodeur,56,-18.760000000000005,-0.3350000000000001
NSH,2010,Pekka Rinne,64,15.819999999999993,0.2471874999999999
NYI,2010,Rick DiPietro,26,-13.930000000000007,-0.535769230769231
NYR,2010,Henrik Lundqvist,68,10.419999999999987,0.1532352941176469
OTT,2010,Craig Anderson,51,-6.27000000000001,-0.12294117647058844
PHI,2010,Sergei Bobrovsky,54,8.159999999999997,0.15111111111111106
PIT,2010,Marc-Andre Fleury,65,0.09000000000000341,0.001384615384615437
SJS,2010,Antti Niemi,60,-2.319999999999993,-0.03866666666666655
STL,2010,Jaroslav Halak,57,3.3000000000000114,0.057894736842105464
TBL,2010,Dwayne Roloson,54,-5.759999999999991,-0.1066666666666665
TOR,2010,James Reimer,37,10.340000000000003,0.27945945945945955
VAN,2010,Roberto Luongo,60,18.599999999999994,0.3099999999999999
WSH,2010,Michal Neuvirth,48,-0.060000000000002274,-0.0012500000000000473
ANA,2011,Jonas Hiller,73,-11.139999999999986,-0.1526027397260272
ARI,2011,Mike Smith,67,32.31999999999999,0.48238805970149246
BOS,2011,Tim Thomas,59,-2.6999999999999886,-0.045762711864406586
BUF,2011,Ryan Miller,61,4.550000000000011,0.07459016393442641
CAR,2011,Cam Ward,68,15.599999999999994,0.22941176470588226
CBJ,2011,Steve Mason,46,-40.89,-0.8889130434782608
CGY,2011,Miikka Kiprusoff,70,6.400000000000006,0.09142857142857151
CHI,2011,Corey Crawford,57,-20.180000000000007,-0.35403508771929837
COL,2011,Semyon Varlamov,53,-1.2700000000000102,-0.023962264150943588
DAL,2011,Kari Lehtonen,59,-0.9499999999999886,-0.016101694915254046
DET,2011,Jimmy Howard,57,12.389999999999986,0.21736842105263135
EDM,2011,Devan Dubnyk,47,8.530000000000001,0.18148936170212768
FLA,2011,Jose Theodore,53,9.469999999999999,0.17867924528301884
LAK,2011,Jonathan Quick,69,31.789999999999992,0.4607246376811593
MIN,2011,Niklas Backstrom,46,3.1299999999999955,0.06804347826086947
MTL,2011,Carey Price,65,8.069999999999993,0.12415384615384605
NJD,2011,Martin Brodeur,59,-12.480000000000004,-0.21152542372881364
NSH,2011,Pekka Rinne,73,-0.13999999999998636,-0.0019178082191778952
NYI,2011,Evgeni Nabokov,42,3.0799999999999983,0.07333333333333329
NYR,2011,Henrik Lundqvist,62,25.830000000000013,0.41661290322580663
OTT,2011,Craig Anderson,63,8.060000000000002,0.12793650793650796
PHI,2011,Ilya Bryzgalov,59,0.8100000000000023,0.013728813559322072
PIT,2011,Marc-Andre Fleury,67,3.6599999999999966,0.05462686567164174
SJS,2011,Antti Niemi,68,-4.530000000000001,-0.06661764705882355
STL,2011,Jaroslav Halak,46,13.370000000000005,0.2906521739130436
TBL,2011,Mathieu Garon,48,-12.590000000000003,-0.26229166666666676
TOR,2011,Jonas Gustavsson,42,-5.689999999999998,-0.13547619047619042
VAN,2011,Roberto Luongo,55,6.110000000000014,0.11109090909090934
WPG,2011,Ondrej Pavelec,68,-2.9399999999999977,-0.043235294117647025
WSH,2011,Tomas Vokoun,48,3.010000000000005,0.06270833333333344
ANA,2012,Jonas Hiller,26,-1.259999999999998,-0.04846153846153838
ARI,2012,Mike Smith,34,-1.3199999999999932,-0.03882352941176451
BOS,2012,Tuukka Rask,36,19.17,0.5325000000000001
BUF,2012,Ryan Miller,40,8.659999999999997,0.21649999999999991
CAR,2012,Justin Peters,19,-5.100000000000001,-0.268421052631579
CBJ,2012,Sergei Bobrovsky,38,6.859999999999999,0.18052631578947367
CGY,2012,Miikka Kiprusoff,24,-20.68,-0.8616666666666667
CHI,2012,Corey Crawford,30,6.770000000000003,0.22566666666666677
COL,2012,Semyon Varlamov,35,-7.909999999999997,-0.2259999999999999
DAL,2012,Kari Lehtonen,36,20.120000000000005,0.558888888888889
DET,2012,Jimmy Howard,42,10.459999999999994,0.2490476190476189
EDM,2012,Devan Dubnyk,38,11.819999999999993,0.3110526315789472
FLA,2012,Jacob Markstrom,23,-9.049999999999997,-0.3934782608695651
LAK,2012,Jonathan Quick,37,-8.030000000000001,-0.21702702702702706
MIN,2012,Niklas Backstrom,42,-10.319999999999993,-0.24571428571428555
MTL,2012,Carey Price,39,-10.260000000000005,-0.2630769230769232
NJD,2012,Martin Brodeur,29,-6.079999999999998,-0.20965517241379306
NSH,2012,Pekka Rinne,43,-12.86,-0.2990697674418605
NYI,2012,Evgeni Nabokov,41,-5.489999999999995,-0.1339024390243901
NYR,2012,Henrik Lundqvist,43,8.689999999999998,0.2020930232558139
OTT,2012,Craig Anderson,24,13.439999999999998,0.5599999999999999
PHI,2012,Ilya Bryzgalov,40,-2.739999999999995,-0.06849999999999987
PIT,2012,Marc-Andre Fleury,33,1.6700000000000017,0.050606060606060654
SJS,2012,Antti Niemi,43,6.670000000000002,0.1551162790697675
STL,2012,Brian Elliott,24,-4.740000000000002,-0.1975000000000001
TBL,2012,Anders Lindback,24,-4.020000000000003,-0.16750000000000012
TOR,2012,James Reimer,33,11.510000000000005,0.3487878787878789
VAN,2012,Cory Schneider,30,6.3799999999999955,0.2126666666666665
WPG,2012,Ondrej Pavelec,44,-12.870000000000005,-0.2925000000000001
WSH,2012,Braden Holtby,36,2.769999999999996,0.07694444444444433
ANA,2013,Jonas Hiller,50,1.0799999999999983,0.021599999999999966
ARI,2013,Mike Smith,62,9.52000000000001,0.15354838709677435
BOS,2013,Tuukka Rask,58,10.079999999999998,0.17379310344827584
BUF,2013,Jhonas Enroth,28,-0.5400000000000063,-0.01928571428571451
CAR,2013,Anton Khudobin,36,12.799999999999997,0.35555555555555546
CBJ,2013,Sergei Bobrovsky,58,-6.209999999999994,-0.10706896551724127
CGY,2013,Karri Ramo,40,-2.069999999999993,-0.05174999999999983
CHI,2013,Corey Crawford,59,-2.2900000000000063,-0.038813559322034
COL,2013,Semyon Varlamov,63,26.669999999999987,0.4233333333333331
DAL,2013,Kari Lehtonen,65,27.27000000000001,0.4195384615384617
DET,2013,Jimmy Howard,51,-6.930000000000007,-0.1358823529411766
EDM,2013,Ben Scrivens,40,15.019999999999996,0.3754999999999999
FLA,2013,Roberto Luongo,56,1.6699999999999875,0.02982142857142835
LAK,2013,Jonathan Quick,49,10.180000000000007,0.20775510204081646
MIN,2013,Ilya Bryzgalov,32,1.8100000000000023,0.05656250000000007
MTL,2013,Carey Price,59,19.289999999999992,0.3269491525423727
NJD,2013,Cory Schneider,45,4.469999999999999,0.0993333333333333
NSH,2013,Carter Hutton,40,-11.019999999999996,-0.2754999999999999
NYI,2013,Evgeni Nabokov,40,-5.579999999999998,-0.13949999999999996
NYR,2013,Henrik Lundqvist,63,14.25,0.2261904761904762
OTT,2013,Craig Anderson,53,-10.25,-0.19339622641509435
PHI,2013,Steve Mason,61,-2.8100000000000023,-0.04606557377049184
PIT,2013,Marc-Andre Fleury,64,-4.099999999999994,-0.06406249999999991
SJS,2013,Antti Niemi,64,-8.210000000000008,-0.12828125000000012
STL,2013,Ryan Miller,59,-3.759999999999991,-0.06372881355932188
TBL,2013,Ben Bishop,63,15.860000000000014,0.25174603174603194
TOR,2013,Jonathan Bernier,55,18.25999999999999,0.33199999999999985
VAN,2013,Eddie Lack,41,-2.5,-0.06097560975609756
WPG,2013,Ondrej Pavelec,57,-5.72999999999999,-0.1005263157894735
WSH,2013,Jaroslav Halak,52,8.219999999999999,0.15807692307692306
ANA,2014,Frederik Andersen,54,2.700000000000003,0.05000000000000005
ARI,2014,Mike Smith,62,-15.430000000000007,-0.2488709677419356
BOS,2014,Tuukka Rask,70,4.02000000000001,0.05742857142857157
BUF,2014,Anders Lindback,26,-11.219999999999999,-0.4315384615384615
CAR,2014,Cam Ward,51,-4.489999999999995,-0.08803921568627442
CBJ,2014,Sergei Bobrovsky,51,-5.050000000000011,-0.09901960784313747
CGY,2014,Jonas Hiller,52,8.040000000000006,0.15461538461538474
CHI,2014,Corey Crawford,57,16.389999999999986,0.28754385964912255
COL,2014,Semyon Varlamov,57,16.819999999999993,0.2950877192982455
DAL,2014,Kari Lehtonen,65,-7.280000000000001,-0.11200000000000002
DET,2014,Jimmy Howard,53,-7.0,-0.1320754716981132
EDM,2014,Ben Scrivens,57,-25.75999999999999,-0.45192982456140335
FLA,2014,Roberto Luongo,61,4.0,0.06557377049180328
LAK,2014,Jonathan Quick,72,7.610000000000014,0.10569444444444463
MIN,2014,Devan Dubnyk,58,20.75999999999999,0.3579310344827585
MTL,2014,Carey Price,66,33.16,0.5024242424242423
NJD,2014,Cory Schneider,69,18.22999999999999,0.2642028985507245
NSH,2014,Pekka Rinne,64,-3.539999999999992,-0.055312499999999876
NYI,2014,Jaroslav Halak,59,2.759999999999991,0.046779661016949
NYR,2014,Henrik Lundqvist,46,7.469999999999999,0.16239130434782606
OTT,2014,Craig Anderson,35,-1.6200000000000045,-0.046285714285714416
PHI,2014,Steve Mason,51,18.989999999999995,0.3723529411764705
PIT,2014,Marc-Andre Fleury,64,19.24000000000001,0.30062500000000014
SJS,2014,Antti Niemi,61,10.460000000000008,0.1714754098360657
STL,2014,Brian Elliott,46,-0.39000000000000057,-0.00847826086956523
TBL,2014,Ben Bishop,62,14.300000000000011,0.23064516129032275
TOR,2014,Jonathan Bernier,58,12.069999999999993,0.20810344827586194
VAN,2014,Ryan Miller,45,-2.1299999999999955,-0.047333333333333234
WPG,2014,Ondrej Pavelec,50,18.450000000000003,0.36900000000000005
WSH,2014,Braden Holtby,73,18.44999999999999,0.2527397260273971
ANA,2015,Frederik Andersen,43,1.6099999999999994,0.037441860465116265
ARI,2015,Louis Domingue,39,-3.030000000000001,-0.07769230769230773
BOS,2015,Tuukka Rask,64,9.840000000000003,0.15375000000000005
BUF,2015,Chad Johnson,45,10.510000000000005,0.23355555555555568
CAR,2015,Cam Ward,52,4.719999999999999,0.09076923076923074
CBJ,2015,Sergei Bobrovsky,37,-3.5,-0.0945945945945946
CGY,2015,Karri Ramo,37,-7.1299999999999955,-0.19270270270270257
CHI,2015,Corey Crawford,58,16.939999999999998,0.2920689655172413
COL,2015,Semyon Varlamov,57,3.0900000000000034,0.054210526315789535
DAL,2015,Antti Niemi,48,0.0799999999999983,0.0016666666666666312
DET,2015,Petr Mrazek,54,10.319999999999993,0.19111111111111098
EDM,2015,Cam Talbot,56,5.789999999999992,0.103392857142857
FLA,2015,Roberto Luongo,62,18.99000000000001,0.3062903225806453
LAK,2015,Jonathan Quick,68,20.669999999999987,0.30397058823529394
MIN,2015,Devan Dubnyk,67,0.2400000000000091,0.0035820895522389417
MTL,2015,Mike Condon,55,-12.669999999999987,-0.23036363636363613
NJD,2015,Cory Schneider,58,19.389999999999986,0.334310344827586
NSH,2015,Pekka Rinne,66,-24.560000000000002,-0.37212121212121213
NYI,2015,Thomas Greiss,41,12.180000000000007,0.29707317073170747
NYR,2015,Henrik Lundqvist,65,13.090000000000003,0.20138461538461544
OTT,2015,Craig Anderson,60,-1.8400000000000034,-0.030666666666666724
PHI,2015,Steve Mason,54,16.810000000000002,0.31129629629629635
PIT,2015,Marc-Andre Fleury,58,3.5500000000000114,0.06120689655172434
SJS,2015,Martin Jones,65,4.810000000000002,0.07400000000000004
STL,2015,Jake Allen,47,3.6200000000000045,0.07702127659574477
TBL,2015,Ben Bishop,61,14.22999999999999,0.23327868852459
TOR,2015,Jonathan Bernier,38,-0.5400000000000063,-0.014210526315789639
VAN,2015,Ryan Miller,51,-0.960000000000008,-0.01882352941176486
WPG,2015,Ondrej Pavelec,33,3.5,0.10606060606060606
WSH,2015,Braden Holtby,66,24.28,0.3678787878787879
ANA,2016,John Gibson,52,14.159999999999997,0.27230769230769225
ARI,2016,Mike Smith,53,19.189999999999998,0.36207547169811316
BOS,2016,Tuukka Rask,65,-0.38999999999998636,-0.00599999999999979
BUF,2016,Robin Lehner,59,0.5099999999999909,0.008644067796610016
CAR,2016,Cam Ward,61,-12.879999999999995,-0.2111475409836065
CBJ,2016,Sergei Bobrovsky,63,33.03999999999999,0.5244444444444443
CGY,2016,Brian Elliott,49,2.0400000000000063,0.041632653061224614
CHI,2016,Corey Crawford,55,8.849999999999994,0.1609090909090908
COL,2016,Calvin Pickard,50,-18.120000000000005,-0.3624000000000001
DAL,2016,Kari Lehtonen,59,10.810000000000002,0.18322033898305087
DET,2016,Petr Mrazek,50,-17.760000000000005,-0.3552000000000001
EDM,2016,Cam Talbot,72,28.960000000000008,0.4022222222222223
FLA,2016,James Reimer,42,4.849999999999994,0.11547619047619034
LAK,2016,Ben Bishop,39,-0.25,-0.00641025641025641
MIN,2016,Devan Dubnyk,65,-0.05000000000001137,-0.0007692307692309441
MTL,2016,Carey Price,62,18.05000000000001,0.2911290322580647
NJD,2016,Cory Schneider,60,-3.5600000000000023,-0.05933333333333337
NSH,2016,Pekka Rinne,61,1.6100000000000136,0.026393442622951045
NYI,2016,Thomas Greiss,51,6.050000000000011,0.11862745098039237
NYR,2016,Henrik Lundqvist,56,-5.949999999999989,-0.1062499999999998
OTT,2016,Mike Condon,41,1.9300000000000068,0.047073170731707484
PHI,2016,Steve Mason,58,-0.11000000000001364,-0.0018965517241381663
PIT,2016,Matt Murray,49,16.730000000000004,0.3414285714285715
SJS,2016,Martin Jones,64,9.080000000000013,0.1418750000000002
STL,2016,Jake Allen,61,-7.310000000000002,-0.11983606557377052
TBL,2016,Peter Budaj,60,10.400000000000006,0.17333333333333342
TOR,2016,Frederik Andersen,66,23.24000000000001,0.3521212121212123
VAN,2016,Ryan Miller,54,-3.0600000000000023,-0.056666666666666705
WPG,2016,Connor Hellebuyck,55,-7.650000000000006,-0.13909090909090918
WSH,2016,Braden Holtby,62,35.31,0.5695161290322581
ANA,2017,John Gibson,60,21.840000000000003,0.36400000000000005
ARI,2017,Antti Raanta,47,30.099999999999994,0.6404255319148935
BOS,2017,Tuukka Rask,54,6.409999999999997,0.11870370370370364
BUF,2017,Robin Lehner,53,-14.060000000000002,-0.26528301886792455
CAR,2017,Cam Ward,43,-12.569999999999993,-0.2923255813953487
CBJ,2017,Sergei Bobrovsky,65,21.24000000000001,0.3267692307692309
CGY,2017,Mike Smith,55,14.259999999999991,0.2592727272727271
CHI,2017,Anton Forsberg,35,-6.290000000000006,-0.17971428571428588
COL,2017,Semyon Varlamov,51,5.840000000000003,0.11450980392156869
DAL,2017,Ben Bishop,52,2.019999999999996,0.038846153846153766
DET,2017,Jimmy Howard,60,-6.0800000000000125,-0.10133333333333354
EDM,2017,Cam Talbot,67,-2.289999999999992,-0.03417910447761182
FLA,2017,James Reimer,44,-0.4099999999999966,-0.009318181818181741
LAK,2017,Jonathan Quick,64,23.72,0.370625
MIN,2017,Devan Dubnyk,60,-7.710000000000008,-0.12850000000000014
MTL,2017,Carey Price,49,-29.36,-0.5991836734693877
NJD,2017,Keith Kinkaid,41,-3.489999999999995,-0.08512195121951208
NSH,2017,Pekka Rinne,59,19.94999999999999,0.3381355932203388
NYI,2017,Jaroslav Halak,54,-14.599999999999994,-0.27037037037037026
NYR,2017,Henrik Lundqvist,63,-9.969999999999999,-0.15825396825396823
OTT,2017,Craig Anderson,58,-23.189999999999998,-0.3998275862068965
PHI,2017,Brian Elliott,43,3.5,0.08139534883720931
PIT,2017,Matt Murray,49,-5.549999999999997,-0.11326530612244892
SJS,2017,Martin Jones,60,0.030000000000001137,0.000500000000000019
STL,2017,Jake Allen,59,-19.94999999999999,-0.3381355932203388
TBL,2017,Andrei Vasilevskiy,65,3.9099999999999966,0.0601538461538461
TOR,2017,Frederik Andersen,66,9.469999999999999,0.14348484848484847
VAN,2017,Jacob Markstrom,60,-6.189999999999998,-0.10316666666666663
VGK,2017,Marc-Andre Fleury,46,16.67,0.3623913043478261
WPG,2017,Connor Hellebuyck,67,10.610000000000014,0.1583582089552241
WSH,2017,Braden Holtby,54,-4.4199999999999875,-0.08185185185185162
ANA,2018,John Gibson,58,13.330000000000013,0.22982758620689678
ARI,2018,Darcy Kuemper,55,8.210000000000008,0.14927272727272742
BOS,2018,Tuukka Rask,46,-2.1299999999999955,-0.046304347826086854
BUF,2018,Carter Hutton,50,-8.669999999999987,-0.17339999999999975
CAR,2018,Petr Mrazek,40,2.930000000000007,0.07325000000000018
CBJ,2018,Sergei Bobrovsky,62,6.6699999999999875,0.10758064516129012
CGY,2018,David Rittich,45,5.680000000000007,0.12622222222222237
CHI,2018,Corey Crawford,39,-3.3900000000000006,-0.08692307692307694
COL,2018,Semyon Varlamov,49,-4.759999999999991,-0.09714285714285696
DAL,2018,Ben Bishop,46,15.819999999999993,0.34391304347826074
DET,2018,Jimmy Howard,55,2.5600000000000023,0.046545454545454584
EDM,2018,Mikko Koskinen,55,-6.900000000000006,-0.12545454545454557
FLA,2018,Roberto Luongo,43,-16.53,-0.38441860465116284
LAK,2018,Jonathan Quick,46,-24.290000000000006,-0.5280434782608697
MIN,2018,Devan Dubnyk,67,-16.340000000000003,-0.24388059701492543
MTL,2018,Carey Price,66,3.509999999999991,0.053181818181818045
NJD,2018,Keith Kinkaid,41,-21.340000000000003,-0.5204878048780489
NSH,2018,Pekka Rinne,56,12.539999999999992,0.22392857142857128
NYI,2018,Robin Lehner,46,15.819999999999993,0.34391304347826074
NYR,2018,Henrik Lundqvist,52,-15.639999999999986,-0.3007692307692305
OTT,2018,Craig Anderson,50,-16.930000000000007,-0.3386000000000001
PHI,2018,Cam Talbot,35,-19.930000000000007,-0.5694285714285716
PIT,2018,Matt Murray,50,1.4499999999999886,0.028999999999999772
SJS,2018,Martin Jones,62,-22.590000000000003,-0.3643548387096775
STL,2018,Jake Allen,46,-9.799999999999997,-0.2130434782608695
TBL,2018,Andrei Vasilevskiy,53,16.289999999999992,0.3073584905660376
TOR,2018,Frederik Andersen,60,12.0,0.2
VAN,2018,Jacob Markstrom,60,-1.6299999999999955,-0.027166666666666592
VGK,2018,Marc-Andre Fleury,61,6.139999999999986,0.10065573770491781
WPG,2018,Connor Hellebuyck,63,-6.780000000000001,-0.10761904761904764
WSH,2018,Braden Holtby,59,11.449999999999989,0.1940677966101693
ANA,2019,John Gibson,52,-18.02000000000001,-0.34653846153846174
ARI,2019,Antti Raanta,33,3.8100000000000023,0.11545454545454552
BOS,2019,Tuukka Rask,41,17.680000000000007,0.4312195121951221
BUF,2019,Linus Ullmark,34,-6.359999999999999,-0.18705882352941175
CAR,2019,Petr Mrazek,40,-2.6899999999999977,-0.06724999999999995
CBJ,2019,Joonas Korpisalo,37,-7.25,-0.19594594594594594
CGY,2019,David Rittich,49,-8.469999999999999,-0.17285714285714282
CHI,2019,Corey Crawford,40,3.019999999999996,0.0754999999999999
COL,2019,Philipp Grubauer,36,1.7099999999999937,0.04749999999999983
DAL,2019,Ben Bishop,44,0.1599999999999966,0.0036363636363635587
DET,2019,Jonathan Bernier,46,4.560000000000002,0.09913043478260875
EDM,2019,Mike Smith,39,-12.150000000000006,-0.3115384615384617
FLA,2019,Sergei Bobrovsky,50,-12.919999999999987,-0.25839999999999974
LAK,2019,Jonathan Quick,42,-12.909999999999997,-0.3073809523809523
MIN,2019,Alex Stalock,38,-11.430000000000007,-0.3007894736842107
MTL,2019,Carey Price,58,-9.370000000000005,-0.16155172413793112
NJD,2019,Mackenzie Blackwood,47,7.889999999999986,0.16787234042553162
NSH,2019,Juuse Saros,40,1.6599999999999966,0.04149999999999991
NYI,2019,Semyon Varlamov,45,2.1599999999999966,0.047999999999999925
NYR,2019,Alexandar Georgiev,34,-0.0799999999999983,-0.002352941176470538
OTT,2019,Craig Anderson,34,-6.659999999999997,-0.19588235294117637
PHI,2019,Carter Hart,42,6.8799999999999955,0.1638095238095237
PIT,2019,Matt Murray,38,-20.549999999999997,-0.5407894736842105
SJS,2019,Martin Jones,41,-17.11,-0.4173170731707317
STL,2019,Jordan Binnington,51,0.3499999999999943,0.006862745098039105
TBL,2019,Andrei Vasilevskiy,52,3.8000000000000114,0.07307692307692329
TOR,2019,Frederik Andersen,52,-14.25,-0.27403846153846156
VAN,2019,Jacob Markstrom,43,1.0300000000000011,0.02395348837209305
VGK,2019,Marc-Andre Fleury,49,-6.319999999999993,-0.12897959183673455
WPG,2019,Connor Hellebuyck,58,24.24000000000001,0.41793103448275876
WSH,2019,Braden Holtby,48,-17.209999999999994,-0.35854166666666654
ANA,2020,John Gibson,35,-7.359999999999999,-0.21028571428571427
ARI,2020,Darcy Kuemper,27,-0.21999999999999886,-0.008148148148148106
BOS,2020,Tuukka Rask,24,3.6400000000000006,0.1516666666666667
BUF,2020,Linus Ullmark,20,-3.5700000000000003,-0.17850000000000002
CAR,2020,Alex Nedeljkovic,23,9.600000000000001,0.4173913043478262
CBJ,2020,Joonas Korpisalo,33,-13.819999999999993,-0.4187878787878786
CGY,2020,Jacob Markstrom,43,-9.260000000000005,-0.21534883720930245
CHI,2020,Kevin Lankinen,37,-14.290000000000006,-0.3862162162162164
COL,2020,Philipp Grubauer,40,5.239999999999995,0.13099999999999987
DAL,2020,Anton Khudobin,32,-10.010000000000005,-0.31281250000000016
DET,2020,Thomas Greiss,34,-5.680000000000007,-0.16705882352941195
EDM,2020,Mike Smith,32,14.420000000000002,0.45062500000000005
FLA,2020,Sergei Bobrovsky,31,-8.120000000000005,-0.2619354838709679
LAK,2020,Calvin Petersen,35,-3.0799999999999983,-0.08799999999999995
MIN,2020,Cam Talbot,33,-2.180000000000007,-0.06606060606060626
MTL,2020,Jake Allen,29,2.269999999999996,0.07827586206896538
NJD,2020,Mackenzie Blackwood,35,-8.549999999999997,-0.24428571428571422
NSH,2020,Juuse Saros,36,13.150000000000006,0.3652777777777779
NYI,2020,Semyon Varlamov,36,2.6899999999999977,0.07472222222222216
NYR,2020,Igor Shesterkin,35,2.989999999999995,0.08542857142857128
OTT,2020,Matt Murray,27,-15.909999999999997,-0.5892592592592591
PHI,2020,Brian Elliott,30,-19.32,-0.644
PIT,2020,Tristan Jarry,39,-11.760000000000005,-0.30153846153846164
SJS,2020,Martin Jones,34,-18.89,-0.5555882352941177
STL,2020,Jordan Binnington,42,0.0799999999999983,0.0019047619047618642
TBL,2020,Andrei Vasilevskiy,42,18.230000000000004,0.4340476190476191
TOR,2020,Frederik Andersen,24,-4.75,-0.19791666666666666
VAN,2020,Thatcher Demko,35,6.780000000000001,0.19371428571428576
VGK,2020,Marc-Andre Fleury,36,17.92,0.4977777777777778
WPG,2020,Connor Hellebuyck,45,19.25,0.42777777777777776
WSH,2020,Vitek Vanecek,37,-7.280000000000001,-0.1967567567567568
ANA,2021,John Gibson,56,-14.259999999999991,-0.254642857142857
ARI,2021,Karel Vejmelka,52,-23.19999999999999,-0.44615384615384596
BOS,2021,Linus Ullmark,41,5.689999999999998,0.138780487804878
BUF,2021,Craig Anderson,31,-8.689999999999998,-0.2803225806451612
CAR,2021,Frederik Andersen,52,27.819999999999993,0.5349999999999999
CBJ,2021,Elvis Merzlikins,59,4.030000000000001,0.06830508474576273
CGY,2021,Jacob Markstrom,63,10.840000000000003,0.1720634920634921
CHI,2021,Kevin Lankinen,32,-28.620000000000005,-0.8943750000000001
COL,2021,Darcy Kuemper,57,20.97,0.3678947368421052
DAL,2021,Jake Oettinger,48,1.4300000000000068,0.02979166666666681
DET,2021,Alex Nedeljkovic,59,-6.930000000000007,-0.11745762711864419
EDM,2021,Mikko Koskinen,45,-6.840000000000003,-0.15200000000000008
FLA,2021,Sergei Bobrovsky,54,23.389999999999986,0.4331481481481479
LAK,2021,Jonathan Quick,46,17.80000000000001,0.3869565217391307
MIN,2021,Marc-Andre Fleury,56,-17.610000000000014,-0.314464285714286
MTL,2021,Sam Montembeault,38,-17.290000000000006,-0.4550000000000002
NJD,2021,Mackenzie Blackwood,25,-12.739999999999995,-0.5095999999999998
NSH,2021,Juuse Saros,67,20.689999999999998,0.3088059701492537
NYI,2021,Ilya Sorokin,52,12.77000000000001,0.24557692307692328
NYR,2021,Igor Shesterkin,53,34.099999999999994,0.6433962264150942
OTT,2021,Anton Forsberg,46,8.460000000000008,0.18391304347826104
PHI,2021,Carter Hart,45,-6.560000000000002,-0.14577777777777784
PIT,2021,Tristan Jarry,58,12.759999999999991,0.21999999999999983
SEA,2021,Philipp Grubauer,55,-33.74000000000001,-0.6134545454545456
SJS,2021,James Reimer,48,0.12000000000000455,0.0025000000000000946
STL,2021,Ville Husso,40,13.540000000000006,0.33850000000000013
TBL,2021,Andrei Vasilevskiy,63,28.409999999999997,0.4509523809523809
TOR,2021,Jack Campbell,49,-2.3400000000000034,-0.0477551020408164
VAN,2021,Thatcher Demko,64,10.5,0.1640625
VGK,2021,Robin Lehner,44,6.069999999999993,0.1379545454545453
WPG,2021,Connor Hellebuyck,66,16.650000000000006,0.25227272727272737
WSH,2021,Ilya Samsonov,44,-12.060000000000002,-0.27409090909090916
ANA,2022,John Gibson,53,-11.530000000000001,-0.21754716981132077
ARI,2022,Karel Vejmelka,50,11.090000000000003,0.22180000000000008
BOS,2022,Linus Ullmark,49,42.44999999999999,0.8663265306122446
BUF,2022,Ukko-Pekka Luukkonen,33,-5.010000000000005,-0.15181818181818196
CAR,2022,Frederik Andersen,34,-3.450000000000003,-0.1014705882352942
CBJ,2022,Elvis Merzlikins,30,-25.870000000000005,-0.8623333333333335
CGY,2022,Jacob Markstrom,59,-3.0999999999999943,-0.05254237288135583
CHI,2022,Petr Mrazek,39,-6.310000000000002,-0.16179487179487184
COL,2022,Alexandar Georgiev,62,21.919999999999987,0.353548387096774
DAL,2022,Jake Oettinger,62,11.819999999999993,0.19064516129032247
DET,2022,Ville Husso,56,-14.689999999999998,-0.26232142857142854
EDM,2022,Stuart Skinner,50,6.75,0.135
FLA,2022,Sergei Bobrovsky,50,6.199999999999989,0.12399999999999978
LAK,2022,Joonas Korpisalo,39,12.739999999999995,0.32666666666666655
MIN,2022,Marc-Andre Fleury,46,6.550000000000011,0.14239130434782635
MTL,2022,Jake Allen,42,-1.9300000000000068,-0.04595238095238111
NJD,2022,Vitek Vanecek,52,5.069999999999993,0.09749999999999986
NSH,2022,Juuse Saros,64,46.66999999999999,0.7292187499999998
NYI,2022,Ilya Sorokin,62,38.650000000000006,0.6233870967741937
NYR,2022,Igor Shesterkin,58,28.05000000000001,0.48362068965517263
OTT,2022,Cam Talbot,36,-0.730000000000004,-0.020277777777777888
PHI,2022,Carter Hart,55,10.280000000000001,0.18690909090909094
PIT,2022,Tristan Jarry,47,-2.819999999999993,-0.05999999999999985
SEA,2022,Martin Jones,48,-6.920000000000002,-0.1441666666666667
SJS,2022,James Reimer,43,-11.310000000000002,-0.2630232558139535
STL,2022,Jordan Binnington,61,-9.159999999999997,-0.15016393442622944
TBL,2022,Andrei Vasilevskiy,60,25.340000000000003,0.4223333333333334
TOR,2022,Ilya Samsonov,42,18.049999999999997,0.4297619047619047
VAN,2022,Thatcher Demko,32,-5.650000000000006,-0.17656250000000018
VGK,2022,Jonathan Quick,41,-17.17,-0.4187804878048781
WPG,2022,Connor Hellebuyck,64,30.77000000000001,0.48078125000000016
WSH,2022,Darcy Kuemper,57,8.759999999999991,0.15368421052631562
ANA,2023,John Gibson,46,-9.590000000000003,-0.20847826086956528
ARI,2023,Connor Ingram,50,8.310000000000002,0.16620000000000004
BOS,2023,Jeremy Swayman,44,18.409999999999997,0.41840909090909084
BUF,2023,Ukko-Pekka Luukkonen,54,9.449999999999989,0.1749999999999998
CAR,2023,Pyotr Kochetkov,42,0.6800000000000068,0.016190476190476352
CBJ,2023,Elvis Merzlikins,41,-6.349999999999994,-0.15487804878048766
CGY,2023,Jacob Markstrom,48,13.699999999999989,0.28541666666666643
CHI,2023,Petr Mrazek,56,1.5999999999999943,0.02857142857142847
COL,2023,Alexandar Georgiev,63,4.969999999999999,0.07888888888888887
DAL,2023,Jake Oettinger,54,1.9499999999999886,0.0361111111111109
DET,2023,Alex Lyon,44,2.1100000000000136,0.04795454545454576
EDM,2023,Stuart Skinner,59,1.9799999999999898,0.03355932203389813
FLA,2023,Sergei Bobrovsky,58,15.550000000000011,0.26810344827586224
LAK,2023,Cam Talbot,54,10.740000000000009,0.19888888888888906
MIN,2023,Filip Gustavsson,45,-4.840000000000003,-0.10755555555555563
MTL,2023,Sam Montembeault,41,3.3400000000000034,0.08146341463414643
NJD,2023,Kaapo Kahkonen,37,1.3599999999999994,0.03675675675675674
NSH,2023,Juuse Saros,64,-2.969999999999999,-0.04640624999999998
NYI,2023,Ilya Sorokin,56,1.4300000000000068,0.025535714285714408
NYR,2023,Igor Shesterkin,55,12.080000000000013,0.21963636363636385
OTT,2023,Joonas Korpisalo,55,-16.05000000000001,-0.29181818181818203
PHI,2023,Samuel Ersson,51,-4.760000000000005,-0.09333333333333343
PIT,2023,Tristan Jarry,51,2.6200000000000045,0.05137254901960793
SEA,2023,Joey Daccord,50,3.760000000000005,0.0752000000000001
SJS,2023,Mackenzie Blackwood,44,2.4499999999999886,0.05568181818181792
STL,2023,Jordan Binnington,57,16.5,0.2894736842105263
TBL,2023,Andrei Vasilevskiy,52,-2.5200000000000102,-0.04846153846153866
TOR,2023,Ilya Samsonov,40,-8.14,-0.20350000000000001
VAN,2023,Thatcher Demko,51,21.99000000000001,0.4311764705882355
VGK,2023,Logan Thompson,46,4.560000000000002,0.09913043478260875
WPG,2023,Connor Hellebuyck,60,33.120000000000005,0.552
WSH,2023,Charlie Lindgren,50,10.539999999999992,0.21079999999999985
ANA,2024,Lukas Dostal,54,14.349999999999994,0.2657407407407406
BOS,2024,Jeremy Swayman,58,-9.099999999999994,-0.15689655172413783
BUF,2024,Ukko-Pekka Luukkonen,55,-8.580000000000013,-0.15600000000000022
CAR,2024,Pyotr Kochetkov,47,5.989999999999995,0.1274468085106382
CBJ,2024,Elvis Merzlikins,53,-8.169999999999987,-0.15415094339622618
CGY,2024,Dustin Wolf,53,11.930000000000007,0.22509433962264164
CHI,2024,Spencer Knight,38,6.900000000000006,0.1815789473684212
COL,2024,Mackenzie Blackwood,56,13.319999999999993,0.23785714285714274
DAL,2024,Jake Oettinger,58,10.650000000000006,0.1836206896551725
DET,2024,Cam Talbot,47,12.800000000000011,0.2723404255319151
EDM,2024,Stuart Skinner,51,-1.5200000000000102,-0.029803921568627652
FLA,2024,Sergei Bobrovsky,54,7.240000000000009,0.13407407407407423
LAK,2024,Darcy Kuemper,50,22.510000000000005,0.4502000000000001
MIN,2024,Filip Gustavsson,58,15.319999999999993,0.26413793103448263
MTL,2024,Sam Montembeault,62,24.590000000000003,0.3966129032258065
NJD,2024,Jacob Markstrom,49,3.430000000000007,0.07000000000000015
NSH,2024,Juuse Saros,58,-7.4199999999999875,-0.12793103448275842
NYI,2024,Ilya Sorokin,61,17.539999999999992,0.2875409836065572
NYR,2024,Igor Shesterkin,61,21.560000000000002,0.3534426229508197
OTT,2024,Linus Ullmark,44,13.840000000000003,0.31454545454545463
PHI,2024,Samuel Ersson,47,-19.879999999999995,-0.42297872340425524
PIT,2024,Alex Nedeljkovic,38,-0.980000000000004,-0.02578947368421063
SEA,2024,Joey Daccord,57,19.05000000000001,0.3342105263157897
SJS,2024,Alexandar Georgiev,49,-17.94999999999999,-0.3663265306122447
STL,2024,Jordan Binnington,56,5.25,0.09375
TBL,2024,Andrei Vasilevskiy,63,29.159999999999997,0.4628571428571428
TOR,2024,Joseph Woll,42,16.849999999999994,0.40119047619047604
UTA,2024,Karel Vejmelka,58,14.180000000000007,0.24448275862068977
VAN,2024,Kevin Lankinen,51,0.09000000000000341,0.001764705882353008
VGK,2024,Adin Hill,50,14.530000000000001,0.2906
WPG,2024,Connor Hellebuyck,63,39.59,0.6284126984126984
WSH,2024,Logan Thompson,43,25.960000000000008,0.6037209302325584
ANA,2025,Lukas Dostal,56,-2.9199999999999875,-0.05214285714285692
BOS,2025,Jeremy Swayman,55,28.78,0.5232727272727273
BUF,2025,Alex Lyon,36,12.629999999999995,0.3508333333333332
CAR,2025,Brandon Bussi,39,2.780000000000001,0.07128205128205131
CBJ,2025,Jet Greaves,55,16.460000000000008,0.2992727272727274
CGY,2025,Dustin Wolf,57,-1.7800000000000011,-0.031228070175438615
CHI,2025,Spencer Knight,54,10.900000000000006,0.20185185185185195
COL,2025,Scott Wedgewood,45,23.120000000000005,0.5137777777777779
DAL,2025,Jake Oettinger,54,5.719999999999999,0.10592592592592591
DET,2025,John Gibson,57,11.72999999999999,0.20578947368421036
EDM,2025,Tristan Jarry,33,-4.1299999999999955,-0.125151515151515
FLA,2025,Sergei Bobrovsky,52,-12.150000000000006,-0.23365384615384627
LAK,2025,Darcy Kuemper,50,-5.77000000000001,-0.11540000000000021
MIN,2025,Filip Gustavsson,50,1.3799999999999955,0.02759999999999991
MTL,2025,Jakub Dobes,43,17.25999999999999,0.40139534883720906
NJD,2025,Jacob Markstrom,44,-11.930000000000007,-0.2711363636363638
NSH,2025,Juuse Saros,59,-9.27000000000001,-0.15711864406779677
NYI,2025,Ilya Sorokin,55,25.30000000000001,0.4600000000000002
NYR,2025,Igor Shesterkin,51,21.25,0.4166666666666667
OTT,2025,Linus Ullmark,49,-12.810000000000002,-0.26142857142857145
PHI,2025,Dan Vladar,52,13.759999999999991,0.2646153846153844
PIT,2025,Stuart Skinner,50,8.310000000000002,0.16620000000000004
SEA,2025,Joey Daccord,47,-6.159999999999997,-0.13106382978723397
SJS,2025,Yaroslav Askarov,47,-18.909999999999997,-0.40234042553191485
STL,2025,Joel Hofer,46,11.689999999999998,0.25413043478260866
TBL,2025,Andrei Vasilevskiy,58,24.74000000000001,0.4265517241379312
TOR,2025,Joseph Woll,39,-6.599999999999994,-0.16923076923076907
UTA,2025,Karel Vejmelka,64,6.9199999999999875,0.1081249999999998
VAN,2025,Kevin Lankinen,47,-19.330000000000013,-0.4112765957446811
VGK,2025,Akira Schmid,34,-1.0,-0.029411764705882353
WPG,2025,Connor Hellebuyck,57,5.539999999999992,0.0971929824561402
WSH,2025,Logan Thompson,58,29.319999999999993,0.5055172413793102
